,PknB,PknD,PknE,PknF,PknG,PknH,PknI,PknJ,PknK,PknL
2AGPEAT160,0.0,0.0,0.0,0.0,0.0,0.0,0.0,0.0,0.0,0.0
2AGPEAT180,0.0,0.0,0.0,0.0,0.0,0.0,0.0,0.0,0.0,0.0
5DGLCNR,0.0,0.0,0.0,0.0,0.0,0.0,0.0,0.0,0.0,0.0
AACPS10,0.0,0.0,0.0,0.0,0.0,0.0,0.0,0.0,0.0,0.0
AACPS11,0.0,0.0,0.0,0.0,0.0,0.0,0.0,0.0,0.0,0.0
AACPS3,0.0,0.0,0.0,0.0,0.0,0.0,0.0,0.0,0.0,0.0
ABTA,0.0,0.0,0.1111111111111111,0.02631578947368421,0.0,0.0,0.0,0.0,0.015384615384615385,0.030303030303030304
ACACT1r,0.0,0.0,0.0,0.0,0.0,0.0,0.0,0.0,0.015384615384615385,0.015151515151515152
ACALDi,0.0,0.0,0.0,0.0,0.0,0.0,0.0,0.0,0.0,0.0
ACBIPGT,0.0,0.0,0.0,0.0,0.0,0.0,0.0,0.0,0.0,0.0
ACCC,0.0,0.08333333333333333,0.2222222222222222,0.10526315789473684,0.0,0.42857142857142855,0.0,0.0,0.2153846153846154,0.30303030303030304
ACChex,0.0,0.0,0.1111111111111111,0.0,0.0,0.2857142857142857,0.0,0.0,0.07692307692307693,0.06060606060606061
ACGAMPM,0.5,0.08333333333333333,0.05555555555555555,0.0,0.0,0.14285714285714285,0.0,0.0,0.015384615384615385,0.0
ACGAMT,0.0,0.0,0.0,0.0,0.0,0.0,0.0,0.0,0.0,0.0
ACGK,0.0,0.0,0.1111111111111111,0.05263157894736842,0.0,0.2857142857142857,0.0,0.0,0.03076923076923077,0.045454545454545456
ACGS,0.0,0.0,0.0,0.0,0.0,0.0,0.0,0.0,0.0,0.0
ACHBS,0.5,0.0,0.05555555555555555,0.05263157894736842,0.0,0.0,0.0,0.0,0.046153846153846156,0.015151515151515152
ACKr,0.0,0.0,0.0,0.0,0.0,0.0,0.0,0.0,0.015384615384615385,0.015151515151515152
ACLS,0.5,0.08333333333333333,0.05555555555555555,0.05263157894736842,0.0,0.0,0.0,0.0,0.046153846153846156,0.030303030303030304
ACODA,0.0,0.0,0.0,0.0,0.0,0.0,0.0,0.0,0.0,0.0
ACONT,0.0,0.0,0.0,0.05263157894736842,0.0,0.14285714285714285,0.0,0.0,0.06153846153846154,0.07575757575757576
ACOTA,0.0,0.0,0.0,0.0,0.0,0.0,0.0,0.0,0.015384615384615385,0.015151515151515152
ACP1_FMN,0.0,0.0,0.0,0.0,0.0,0.2857142857142857,0.0,0.0,0.0,0.0
ACPS1,0.0,0.0,0.0,0.0,0.0,0.0,0.0,0.0,0.0,0.0
ACS,0.5,0.0,0.0,0.02631578947368421,0.0,0.0,0.0,0.0,0.03076923076923077,0.030303030303030304
ACS2,0.5,0.0,0.0,0.02631578947368421,0.0,0.0,0.0,0.0,0.03076923076923077,0.030303030303030304
ACYSBMNt,0.0,0.0,0.0,0.0,0.0,0.0,0.0,0.0,0.0,0.0
ADA,0.0,0.0,0.16666666666666666,0.0,0.0,0.0,0.0,0.0,0.015384615384615385,0.015151515151515152
ADCL,0.0,0.0,0.0,0.0,0.0,0.0,0.0,0.0,0.0,0.0
ADCPS1,0.0,0.0,0.0,0.0,0.0,0.0,0.0,0.0,0.0,0.0
ADCPS2,0.0,0.0,0.0,0.0,0.0,0.0,0.0,0.0,0.0,0.0
ADCS,0.0,0.0,0.05555555555555555,0.05263157894736842,0.0,0.0,0.0,0.0,0.015384615384615385,0.015151515151515152
ADCYRS,0.0,0.0,0.0,0.0,0.0,0.0,0.0,0.0,0.0,0.0
ADK1,0.0,0.16666666666666666,0.2222222222222222,0.05263157894736842,0.0,0.2857142857142857,0.0,0.0,0.015384615384615385,0.0
ADK2,0.0,0.16666666666666666,0.2222222222222222,0.05263157894736842,0.0,0.2857142857142857,0.0,0.0,0.015384615384615385,0.0
ADMDCr,0.0,0.0,0.0,0.0,0.0,0.0,0.0,0.0,0.0,0.0
ADNCYC,0.5,0.08333333333333333,0.05555555555555555,0.02631578947368421,0.0,0.0,0.0,0.0,0.07692307692307693,0.06060606060606061
ADNK1,0.0,0.0,0.0,0.05263157894736842,0.0,0.0,0.0,0.0,0.0,0.045454545454545456
ADNK3,0.0,0.0,0.0,0.05263157894736842,0.0,0.0,0.0,0.0,0.0,0.045454545454545456
ADNK4,0.0,0.0,0.0,0.05263157894736842,0.0,0.0,0.0,0.0,0.0,0.045454545454545456
ADOCBIK,0.0,0.0,0.0,0.0,0.0,0.0,0.0,0.0,0.0,0.0
ADOCBLS,0.0,0.0,0.0,0.0,0.0,0.0,0.0,0.0,0.0,0.0
ADPT,0.0,0.0,0.0,0.0,0.0,0.0,0.0,0.0,0.0,0.0
ADSK,0.0,0.0,0.0,0.02631578947368421,0.0,0.0,0.0,0.0,0.046153846153846156,0.045454545454545456
ADSL1r,0.0,0.0,0.0,0.05263157894736842,0.0,0.0,0.0,0.0,0.0,0.0
ADSL2r,0.0,0.0,0.0,0.05263157894736842,0.0,0.0,0.0,0.0,0.0,0.0
ADSS,0.0,0.0,0.0,0.0,0.0,0.0,0.0,0.0,0.0,0.015151515151515152
AFTA,0.0,0.0,0.0,0.0,0.0,0.0,0.0,0.0,0.0,0.0
AGDC,0.0,0.0,0.0,0.0,0.0,0.0,0.0,0.0,0.0,0.0
AGMT,0.0,0.0,0.0,0.0,0.0,0.0,0.0,0.0,0.0,0.0
AGPAT160,0.0,0.08333333333333333,0.0,0.0,0.0,0.0,0.0,0.0,0.015384615384615385,0.07575757575757576
AGPAT160190,0.0,0.08333333333333333,0.0,0.0,0.0,0.0,0.0,0.0,0.015384615384615385,0.07575757575757576
AGPAT190,0.0,0.08333333333333333,0.0,0.0,0.0,0.0,0.0,0.0,0.015384615384615385,0.07575757575757576
AGPR,0.0,0.0,0.0,0.0,0.0,0.0,0.0,0.0,0.0,0.0
AHC,0.0,0.0,0.05555555555555555,0.05263157894736842,0.0,0.0,0.0,0.0,0.046153846153846156,0.06060606060606061
AHCYSNS,0.0,0.0,0.0,0.0,0.0,0.0,0.0,0.0,0.015384615384615385,0.0
AHMMPS,0.0,0.0,0.0,0.05263157894736842,0.0,0.0,0.0,0.0,0.03076923076923077,0.030303030303030304
AICART,0.0,0.0,0.0,0.02631578947368421,0.0,0.0,0.0,0.0,0.03076923076923077,0.015151515151515152
AIRCr,0.0,0.0,0.0,0.0,0.0,0.0,0.0,0.0,0.03076923076923077,0.015151515151515152
AKGDb,0.5,0.08333333333333333,0.1111111111111111,0.05263157894736842,0.0,0.0,0.0,0.0,0.046153846153846156,0.12121212121212122
ALAALAD,0.0,0.0,0.0,0.0,0.0,0.0,0.0,0.0,0.0,0.0
ALAALAr,0.0,0.0,0.0,0.0,0.0,0.0,0.0,0.0,0.0,0.09090909090909091
ALAD_L,0.0,0.0,0.0,0.0,0.0,0.0,0.0,0.0,0.0,0.0
ALAR,0.0,0.0,0.0,0.0,0.0,0.0,0.0,0.0,0.0,0.0
ALAt2r,0.0,0.0,0.0,0.0,0.0,0.0,0.0,0.0,0.0,0.0
ALDD1,0.5,0.08333333333333333,0.16666666666666666,0.15789473684210525,0.0,0.14285714285714285,0.0,0.0,0.1076923076923077,0.10606060606060606
ALDD19x,0.0,0.0,0.1111111111111111,0.02631578947368421,0.0,0.0,0.0,0.0,0.015384615384615385,0.015151515151515152
ALDD2x,0.0,0.25,0.05555555555555555,0.13157894736842105,0.0,0.14285714285714285,0.0,0.5,0.13846153846153847,0.09090909090909091
AMAOTr,0.0,0.0,0.0,0.0,0.0,0.0,0.0,0.0,0.0,0.0
AMID4,0.0,0.0,0.05555555555555555,0.02631578947368421,0.0,0.0,0.0,0.0,0.0,0.0
AMMQT8,0.0,0.0,0.0,0.0,0.0,0.0,0.0,0.0,0.0,0.0
AMMQT8_2,0.0,0.0,0.0,0.0,0.0,0.0,0.0,0.0,0.0,0.0
AMPTASECG,0.0,0.0,0.0,0.02631578947368421,0.0,0.0,0.0,0.0,0.06153846153846154,0.0
ANPRT,0.0,0.0,0.05555555555555555,0.0,0.0,0.0,0.0,0.0,0.015384615384615385,0.030303030303030304
ANS,0.0,0.0,0.0,0.0,0.0,0.0,0.0,0.0,0.0,0.0
AOXSr,0.0,0.0,0.0,0.0,0.0,0.0,0.0,0.0,0.0,0.015151515151515152
APRAUR,0.0,0.08333333333333333,0.0,0.05263157894736842,0.0,0.0,0.0,0.0,0.07692307692307693,0.030303030303030304
ARACHTA,0.0,0.0,0.0,0.0,0.0,0.0,0.0,0.0,0.0,0.0
ARB_Dabc,0.0,0.0,0.0,0.0,0.0,0.0,0.0,0.0,0.0,0.0
ARBabc,0.0,0.0,0.0,0.0,0.0,0.0,0.0,0.0,0.0,0.0
ARBt2r,0.0,0.0,0.0,0.0,0.0,0.0,0.0,0.0,0.0,0.0
ARGDC,0.0,0.0,0.0,0.0,0.0,0.0,0.0,0.0,0.0,0.0
ARGDr,0.0,0.0,0.0,0.0,0.0,0.0,0.0,0.0,0.0,0.0
ARGSL,0.0,0.0,0.0,0.0,0.0,0.0,0.0,0.0,0.015384615384615385,0.0
ARGSS,0.0,0.0,0.1111111111111111,0.02631578947368421,0.0,0.0,0.0,0.0,0.03076923076923077,0.12121212121212122
ARGt5r,0.0,0.0,0.0,0.0,0.0,0.0,0.0,0.0,0.0,0.0
ASAD,0.0,0.0,0.1111111111111111,0.0,0.0,0.0,0.0,0.0,0.03076923076923077,0.045454545454545456
ASNN,0.0,0.0,0.0,0.0,0.0,0.0,0.0,0.0,0.0,0.0
ASNS1,0.0,0.0,0.0,0.0,0.0,0.0,0.0,0.0,0.0,0.0
ASNt2r,0.0,0.0,0.0,0.05263157894736842,0.14285714285714285,0.0,0.0,0.0,0.03076923076923077,0.030303030303030304
ASP1DC,0.0,0.0,0.0,0.0,0.0,0.0,0.0,0.0,0.0,0.0
ASPCT,0.0,0.0,0.0,0.0,0.0,0.0,0.0,0.0,0.0,0.0
ASPK,0.5,0.0,0.05555555555555555,0.05263157894736842,0.0,0.14285714285714285,0.0,0.0,0.09230769230769231,0.030303030303030304
ASPO5,0.0,0.0,0.0,0.0,0.0,0.0,0.0,0.0,0.015384615384615385,0.0
ASPTA,0.0,0.0,0.0,0.0,0.0,0.0,0.0,0.0,0.0,0.0
ASPt2r,0.0,0.0,0.0,0.05263157894736842,0.14285714285714285,0.0,0.0,0.0,0.03076923076923077,0.030303030303030304
AST,0.0,0.0,0.0,0.0,0.0,0.0,0.0,0.0,0.0,0.0
ATPPRT,0.0,0.08333333333333333,0.05555555555555555,0.0,0.0,0.0,0.0,0.0,0.0,0.0
ATPS4r,0.0,0.08333333333333333,0.2777777777777778,0.15789473684210525,0.0,0.0,0.0,0.0,0.1076923076923077,0.07575757575757576
BACCL,0.0,0.0,0.0,0.0,0.0,0.0,0.0,0.0,0.0,0.0
BALAt2r,0.0,0.0,0.0,0.0,0.0,0.0,0.0,0.0,0.0,0.0
BDH,0.0,0.0,0.0,0.0,0.0,0.0,0.0,0.0,0.0,0.0
BETALDHx,0.0,0.08333333333333333,0.0,0.0,0.0,0.0,0.0,0.0,0.015384615384615385,0.0
BMNMSHS,0.0,0.0,0.0,0.0,0.0,0.0,0.0,0.0,0.0,0.0
BMNt,0.0,0.0,0.0,0.0,0.0,0.0,0.0,0.0,0.0,0.0
BPNT,0.0,0.0,0.1111111111111111,0.02631578947368421,0.0,0.0,0.0,0.0,0.046153846153846156,0.030303030303030304
BTS2,0.0,0.08333333333333333,0.05555555555555555,0.05263157894736842,0.0,0.0,0.0,0.0,0.046153846153846156,0.045454545454545456
BTS3r,0.0,0.08333333333333333,0.05555555555555555,0.05263157894736842,0.0,0.0,0.0,0.0,0.046153846153846156,0.045454545454545456
CAATPS,0.0,0.0,0.0,0.0,0.0,0.0,0.0,0.0,0.0,0.0
CAT,0.0,0.08333333333333333,0.05555555555555555,0.02631578947368421,0.0,0.0,0.0,0.0,0.1076923076923077,0.10606060606060606
CAt4,0.0,0.0,0.0,0.0,0.0,0.0,0.0,0.0,0.0,0.0
CBIAT,0.0,0.0,0.0,0.0,0.0,0.0,0.0,0.0,0.0,0.0
CBLAT,0.0,0.0,0.0,0.0,0.0,0.0,0.0,0.0,0.0,0.0
CBPS,0.0,0.0,0.0,0.0,0.0,0.0,0.0,0.0,0.0,0.0
CDAPPA160,0.0,0.0,0.0,0.0,0.0,0.0,0.0,0.0,0.0,0.0
CDAPPA160190,0.0,0.0,0.0,0.0,0.0,0.0,0.0,0.0,0.0,0.0
CDAPPA190,0.0,0.0,0.0,0.0,0.0,0.0,0.0,0.0,0.0,0.0
CDPMEK,0.0,0.0,0.0,0.0,0.0,0.0,0.0,0.0,0.0,0.0
CDPPT160,0.0,0.0,0.0,0.0,0.0,0.0,0.0,0.0,0.0,0.0
CDPPT160190,0.0,0.0,0.0,0.0,0.0,0.0,0.0,0.0,0.0,0.0
CHLabc,0.0,0.0,0.0,0.0,0.0,0.0,0.0,0.0,0.0,0.0
CHOLD,0.0,0.0,0.0,0.0,0.0,0.0,0.0,0.0,0.0,0.0
CHORM,0.0,0.0,0.0,0.0,0.0,0.0,0.0,0.0,0.0,0.0
CHORS,0.0,0.16666666666666666,0.05555555555555555,0.02631578947368421,0.0,0.0,0.0,0.0,0.03076923076923077,0.015151515151515152
CHRPL,0.0,0.08333333333333333,0.1111111111111111,0.02631578947368421,0.0,0.0,0.0,0.0,0.046153846153846156,0.045454545454545456
CIGAMS,0.0,0.0,0.0,0.0,0.0,0.0,0.0,0.0,0.0,0.0
CITLr,0.0,0.0,0.0,0.0,0.0,0.0,0.0,0.0,0.0,0.0
CITabc,0.0,0.0,0.0,0.0,0.0,0.0,0.0,0.0,0.0,0.0
CLPNS160190,0.0,0.0,0.0,0.0,0.0,0.0,0.0,0.0,0.0,0.0
CMCBTFL,0.0,0.0,0.0,0.0,0.0,0.0,0.0,0.0,0.0,0.0
CMCBTFU,0.0,0.0,0.0,0.0,0.0,0.0,0.0,0.0,0.0,0.0
CMLDC,0.0,0.0,0.16666666666666666,0.05263157894736842,0.0,0.0,0.0,0.0,0.03076923076923077,0.015151515151515152
CO2t,0.0,0.0,0.0,0.0,0.0,0.0,0.0,0.0,0.0,0.0
COAt,0.0,0.0,0.0,0.0,0.0,0.0,0.0,0.0,0.0,0.0
COBALTt5,0.0,0.0,0.0,0.0,0.0,0.0,0.0,0.0,0.0,0.0
COCHL,0.0,0.0,0.0,0.02631578947368421,0.0,0.0,0.0,0.0,0.0,0.015151515151515152
COt,0.0,0.0,0.0,0.0,0.0,0.0,0.0,0.0,0.0,0.0
CPC6R,0.0,0.0,0.0,0.0,0.0,0.0,0.0,0.0,0.0,0.0
CPPPGO,0.0,0.0,0.0,0.0,0.0,0.0,0.0,0.0,0.0,0.0
CRNabc,0.0,0.0,0.0,0.0,0.0,0.0,0.0,0.0,0.0,0.0
CS,0.0,0.0,0.0,0.0,0.0,0.0,0.0,0.0,0.0,0.045454545454545456
CTPS1,0.0,0.0,0.0,0.0,0.0,0.0,0.0,0.0,0.0,0.0
CTPS2,0.0,0.0,0.0,0.0,0.0,0.0,0.0,0.0,0.0,0.0
CYANST,0.0,0.0,0.05555555555555555,0.07894736842105263,0.0,0.0,0.0,0.0,0.06153846153846154,0.10606060606060606
CYO1a,0.0,0.0,0.0,0.07894736842105263,0.0,0.0,0.25,0.0,0.0,0.015151515151515152
CYO1b,0.0,0.0,0.0,0.02631578947368421,0.0,0.0,0.0,0.0,0.0,0.0
CYRDAAT,0.0,0.0,0.0,0.0,0.0,0.0,0.0,0.0,0.0,0.0
CYRDAR,0.0,0.0,0.0,0.0,0.0,0.0,0.0,0.0,0.0,0.0
CYSS,0.0,0.0,0.0,0.02631578947368421,0.0,0.0,0.25,0.0,0.015384615384615385,0.015151515151515152
CYSTL,0.0,0.0,0.0,0.0,0.0,0.0,0.0,0.0,0.0,0.0
CYSTS,0.0,0.0,0.05555555555555555,0.07894736842105263,0.0,0.0,0.25,0.0,0.03076923076923077,0.030303030303030304
CYTBD,0.0,0.0,0.0,0.02631578947368421,0.0,0.0,0.0,0.0,0.0,0.015151515151515152
CYTBD2,0.0,0.08333333333333333,0.0,0.02631578947368421,0.0,0.0,0.0,0.0,0.046153846153846156,0.015151515151515152
CYTD,0.0,0.0,0.0,0.0,0.0,0.0,0.0,0.0,0.0,0.0
CYTDK2,0.0,0.0,0.0,0.0,0.0,0.0,0.0,0.0,0.0,0.0
CYTDt2r,0.0,0.0,0.0,0.0,0.0,0.0,0.0,0.0,0.0,0.0
CYTK1,0.0,0.0,0.0,0.0,0.0,0.0,0.0,0.0,0.0,0.0
CYTK2,0.0,0.0,0.0,0.0,0.0,0.0,0.0,0.0,0.0,0.0
Clt,0.0,0.0,0.0,0.0,0.0,0.0,0.0,0.0,0.0,0.0
Cuabc,0.0,0.0,0.0,0.0,0.0,0.0,0.0,0.0,0.0,0.0
Cut1,0.0,0.0,0.0,0.0,0.0,0.0,0.0,0.0,0.0,0.0
DADA,0.0,0.0,0.0,0.0,0.0,0.0,0.0,0.0,0.0,0.0
DADK,0.0,0.0,0.0,0.0,0.0,0.0,0.0,0.0,0.0,0.0
DAGK160,0.0,0.0,0.0,0.0,0.0,0.0,0.0,0.0,0.0,0.0
DALAOX,0.0,0.0,0.0,0.0,0.0,0.0,0.0,0.0,0.0,0.0
DALAt2r,0.0,0.0,0.0,0.0,0.0,0.0,0.0,0.0,0.0,0.0
DAPDC,0.0,0.0,0.05555555555555555,0.02631578947368421,0.0,0.0,0.0,0.0,0.015384615384615385,0.045454545454545456
DAPE,0.0,0.0,0.0,0.0,0.0,0.0,0.0,0.0,0.0,0.0
DASYN160,0.0,0.0,0.0,0.02631578947368421,0.0,0.0,0.0,0.0,0.0,0.0
DASYN160190,0.0,0.0,0.0,0.02631578947368421,0.0,0.0,0.0,0.0,0.0,0.0
DASYN190190,0.0,0.0,0.0,0.02631578947368421,0.0,0.0,0.0,0.0,0.0,0.0
DB4PS,0.0,0.0,0.0,0.0,0.0,0.0,0.0,0.0,0.0,0.0
DBTSr,0.0,0.0,0.0,0.0,0.0,0.0,0.0,0.0,0.0,0.0
DCPDP,0.0,0.0,0.0,0.0,0.0,0.0,0.0,0.0,0.0,0.0
DCPDPP,0.0,0.0,0.0,0.0,0.0,0.0,0.0,0.0,0.0,0.0
DCPDPS,0.0,0.0,0.0,0.0,0.0,0.0,0.0,0.0,0.0,0.0
DCPE,0.0,0.0,0.0,0.0,0.0,0.0,0.0,0.0,0.0,0.015151515151515152
DCPT,0.0,0.0,0.0,0.0,0.0,0.0,0.0,0.0,0.0,0.0
DCTPD,0.0,0.0,0.0,0.0,0.0,0.0,0.0,0.0,0.0,0.0
DCTPD2,0.0,0.0,0.0,0.0,0.0,0.0,0.0,0.0,0.0,0.0
DCYTD,0.0,0.0,0.0,0.0,0.0,0.0,0.0,0.0,0.0,0.0
DDPA,0.0,0.0,0.05555555555555555,0.0,0.0,0.0,0.0,0.0,0.0,0.030303030303030304
DESAT16,0.0,0.0,0.0,0.0,0.0,0.0,0.0,0.0,0.015384615384615385,0.015151515151515152
DESAT18,0.0,0.08333333333333333,0.05555555555555555,0.05263157894736842,0.14285714285714285,0.0,0.0,0.0,0.07692307692307693,0.07575757575757576
DGC3D,0.0,0.0,0.0,0.0,0.0,0.0,0.0,0.0,0.0,0.0
DGK1,0.0,0.0,0.05555555555555555,0.0,0.0,0.0,0.0,0.0,0.015384615384615385,0.045454545454545456
DHAD1,0.0,0.0,0.0,0.0,0.0,0.14285714285714285,0.0,0.0,0.015384615384615385,0.015151515151515152
DHAD2,0.0,0.0,0.0,0.0,0.0,0.14285714285714285,0.0,0.0,0.015384615384615385,0.015151515151515152
DHDPRy,0.0,0.0,0.0,0.0,0.0,0.0,0.0,0.0,0.0,0.0
DHDPS,0.0,0.08333333333333333,0.05555555555555555,0.05263157894736842,0.0,0.0,0.0,0.0,0.015384615384615385,0.015151515151515152
DHFR,0.0,0.0,0.0,0.0,0.0,0.0,0.0,0.0,0.0,0.0
DHFS,0.0,0.0,0.0,0.02631578947368421,0.0,0.0,0.0,0.0,0.015384615384615385,0.0
DHNAOT,0.0,0.0,0.0,0.0,0.0,0.0,0.0,0.0,0.0,0.0
DHNPA,0.0,0.0,0.0,0.0,0.0,0.0,0.0,0.0,0.0,0.0
DHNPA2,0.0,0.0,0.0,0.0,0.0,0.0,0.0,0.0,0.0,0.0
DHORTS,0.0,0.0,0.0,0.0,0.0,0.0,0.0,0.0,0.0,0.0
DHPPDA,0.0,0.0,0.0,0.02631578947368421,0.0,0.0,0.0,0.0,0.07692307692307693,0.0
DHPPDA2,0.0,0.08333333333333333,0.0,0.05263157894736842,0.0,0.0,0.0,0.0,0.07692307692307693,0.030303030303030304
DHPS2,0.0,0.0,0.0,0.0,0.0,0.0,0.0,0.0,0.03076923076923077,0.0
DHQD,0.0,0.0,0.0,0.0,0.0,0.0,0.0,0.0,0.0,0.0
DHQS,0.0,0.0,0.0,0.0,0.0,0.0,0.0,0.0,0.0,0.0
DMATT,0.0,0.0,0.0,0.0,0.0,0.0,0.0,0.0,0.0,0.0
DMPPS,0.0,0.08333333333333333,0.0,0.02631578947368421,0.0,0.2857142857142857,0.0,0.0,0.03076923076923077,0.015151515151515152
DNMPPA,0.0,0.0,0.0,0.0,0.0,0.0,0.0,0.0,0.0,0.0
DNTPPA,0.0,0.0,0.0,0.0,0.0,0.0,0.0,0.0,0.0,0.0
DPCOAK,0.0,0.0,0.0,0.0,0.0,0.0,0.0,0.0,0.0,0.0
DPPS,0.0,0.0,0.0,0.0,0.0,0.0,0.0,0.0,0.0,0.0
DPR,0.0,0.0,0.0,0.0,0.0,0.0,0.0,0.0,0.0,0.0
DRPA,0.0,0.0,0.0,0.0,0.0,0.0,0.0,0.0,0.0,0.0
DSERt2r,0.0,0.0,0.0,0.0,0.0,0.0,0.0,0.0,0.0,0.0
DTMPK,0.0,0.0,0.0,0.0,0.0,0.0,0.0,0.0,0.0,0.0
DURIK1,0.0,0.0,0.0,0.0,0.0,0.0,0.0,0.0,0.0,0.0
DURIPP,0.0,0.0,0.0,0.0,0.0,0.0,0.0,0.0,0.0,0.0
DUTPDP,0.0,0.0,0.0,0.0,0.0,0.0,0.0,0.0,0.0,0.0
DXPRIi,0.0,0.0,0.0,0.0,0.0,0.0,0.0,0.0,0.015384615384615385,0.0
DXPS,0.0,0.08333333333333333,0.0,0.02631578947368421,0.0,0.0,0.0,0.0,0.015384615384615385,0.015151515151515152
ENO,0.0,0.08333333333333333,0.05555555555555555,0.0,0.0,0.0,0.0,0.0,0.015384615384615385,0.0
ETHAt,0.0,0.0,0.0,0.0,0.0,0.0,0.0,0.0,0.0,0.0
EX_acysbmn,0.0,0.0,0.0,0.0,0.0,0.0,0.0,0.0,0.0,0.0
EX_ala_B,0.0,0.0,0.0,0.0,0.0,0.0,0.0,0.0,0.0,0.0
EX_ala_D,0.0,0.0,0.0,0.0,0.0,0.0,0.0,0.0,0.0,0.0
EX_ala_L,0.0,0.0,0.0,0.0,0.0,0.0,0.0,0.0,0.0,0.0
EX_arab_D,0.0,0.0,0.0,0.0,0.0,0.0,0.0,0.0,0.0,0.0
EX_arab_L,0.0,0.0,0.0,0.0,0.0,0.0,0.0,0.0,0.0,0.0
EX_arg_L,0.0,0.0,0.0,0.0,0.0,0.0,0.0,0.0,0.0,0.0
EX_asn_L,0.0,0.0,0.0,0.0,0.0,0.0,0.0,0.0,0.0,0.0
EX_asp_L,0.0,0.0,0.0,0.0,0.0,0.0,0.0,0.0,0.0,0.0
EX_atp,0.0,0.0,0.0,0.0,0.0,0.0,0.0,0.0,0.0,0.0
EX_bmn,0.0,0.0,0.0,0.0,0.0,0.0,0.0,0.0,0.0,0.0
EX_ca2,0.0,0.0,0.0,0.0,0.0,0.0,0.0,0.0,0.0,0.0
EX_chol,0.0,0.0,0.0,0.0,0.0,0.0,0.0,0.0,0.0,0.0
EX_cit,0.0,0.0,0.0,0.0,0.0,0.0,0.0,0.0,0.0,0.0
EX_cl,0.0,0.0,0.0,0.0,0.0,0.0,0.0,0.0,0.0,0.0
EX_co2,0.0,0.0,0.0,0.0,0.0,0.0,0.0,0.0,0.0,0.0
EX_coa,0.0,0.0,0.0,0.0,0.0,0.0,0.0,0.0,0.0,0.0
EX_cobalt2,0.0,0.0,0.0,0.0,0.0,0.0,0.0,0.0,0.0,0.0
EX_crn,0.0,0.0,0.0,0.0,0.0,0.0,0.0,0.0,0.0,0.0
EX_cu2,0.0,0.0,0.0,0.0,0.0,0.0,0.0,0.0,0.0,0.0
EX_cytd,0.0,0.0,0.0,0.0,0.0,0.0,0.0,0.0,0.0,0.0
EX_etha,0.0,0.0,0.0,0.0,0.0,0.0,0.0,0.0,0.0,0.0
EX_fe2,0.0,0.0,0.0,0.0,0.0,0.0,0.0,0.0,0.0,0.0
EX_fe3,0.0,0.0,0.0,0.0,0.0,0.0,0.0,0.0,0.0,0.0
EX_fum,0.0,0.0,0.0,0.0,0.0,0.0,0.0,0.0,0.0,0.0
EX_gal,0.0,0.0,0.0,0.0,0.0,0.0,0.0,0.0,0.0,0.0
EX_glc,0.0,0.0,0.0,0.0,0.0,0.0,0.0,0.0,0.0,0.0
EX_glu_L,0.0,0.0,0.0,0.0,0.0,0.0,0.0,0.0,0.0,0.0
EX_gly,0.0,0.0,0.0,0.0,0.0,0.0,0.0,0.0,0.0,0.0
EX_glyb,0.0,0.0,0.0,0.0,0.0,0.0,0.0,0.0,0.0,0.0
EX_glyc3p,0.0,0.0,0.0,0.0,0.0,0.0,0.0,0.0,0.0,0.0
EX_glyc,0.0,0.0,0.0,0.0,0.0,0.0,0.0,0.0,0.0,0.0
EX_gthrd,0.0,0.0,0.0,0.0,0.0,0.0,0.0,0.0,0.0,0.0
EX_h2,0.0,0.0,0.0,0.0,0.0,0.0,0.0,0.0,0.0,0.0
EX_h2co3,0.0,0.0,0.0,0.0,0.0,0.0,0.0,0.0,0.0,0.0
EX_h2o,0.0,0.0,0.0,0.0,0.0,0.0,0.0,0.0,0.0,0.0
EX_h2s,0.0,0.0,0.0,0.0,0.0,0.0,0.0,0.0,0.0,0.0
EX_h,0.0,0.0,0.0,0.0,0.0,0.0,0.0,0.0,0.0,0.0
EX_hdca,0.0,0.0,0.0,0.0,0.0,0.0,0.0,0.0,0.0,0.0
EX_his_L,0.0,0.0,0.0,0.0,0.0,0.0,0.0,0.0,0.0,0.0
EX_id3acald,0.0,0.0,0.0,0.0,0.0,0.0,0.0,0.0,0.0,0.0
EX_ile_L,0.0,0.0,0.0,0.0,0.0,0.0,0.0,0.0,0.0,0.0
EX_k,0.0,0.0,0.0,0.0,0.0,0.0,0.0,0.0,0.0,0.0
EX_lac_L,0.0,0.0,0.0,0.0,0.0,0.0,0.0,0.0,0.0,0.0
EX_lcts,0.0,0.0,0.0,0.0,0.0,0.0,0.0,0.0,0.0,0.0
EX_leu_L,0.0,0.0,0.0,0.0,0.0,0.0,0.0,0.0,0.0,0.0
EX_lys_L,0.0,0.0,0.0,0.0,0.0,0.0,0.0,0.0,0.0,0.0
EX_mal_L,0.0,0.0,0.0,0.0,0.0,0.0,0.0,0.0,0.0,0.0
EX_malt,0.0,0.0,0.0,0.0,0.0,0.0,0.0,0.0,0.0,0.0
EX_malthp,0.0,0.0,0.0,0.0,0.0,0.0,0.0,0.0,0.0,0.0
EX_meoh,0.0,0.0,0.0,0.0,0.0,0.0,0.0,0.0,0.0,0.0
EX_met_L,0.0,0.0,0.0,0.0,0.0,0.0,0.0,0.0,0.0,0.0
EX_mg2,0.0,0.0,0.0,0.0,0.0,0.0,0.0,0.0,0.0,0.0
EX_na1,0.0,0.0,0.0,0.0,0.0,0.0,0.0,0.0,0.0,0.0
EX_nh4,0.0,0.0,0.0,0.0,0.0,0.0,0.0,0.0,0.0,0.0
EX_no2,0.0,0.0,0.0,0.0,0.0,0.0,0.0,0.0,0.0,0.0
EX_no3,0.0,0.0,0.0,0.0,0.0,0.0,0.0,0.0,0.0,0.0
EX_no,0.0,0.0,0.0,0.0,0.0,0.0,0.0,0.0,0.0,0.0
EX_o2,0.0,0.0,0.0,0.0,0.0,0.0,0.0,0.0,0.0,0.0
EX_ocdca,0.0,0.0,0.0,0.0,0.0,0.0,0.0,0.0,0.0,0.0
EX_orn,0.0,0.0,0.0,0.0,0.0,0.0,0.0,0.0,0.0,0.0
EX_pac,0.0,0.0,0.0,0.0,0.0,0.0,0.0,0.0,0.0,0.0
EX_pdima,0.0,0.0,0.0,0.0,0.0,0.0,0.0,0.0,0.0,0.0
EX_phdca,0.0,0.0,0.0,0.0,0.0,0.0,0.0,0.0,0.0,0.0
EX_phe_L,0.0,0.0,0.0,0.0,0.0,0.0,0.0,0.0,0.0,0.0
EX_pi,0.0,0.0,0.0,0.0,0.0,0.0,0.0,0.0,0.0,0.0
EX_ppa,0.0,0.0,0.0,0.0,0.0,0.0,0.0,0.0,0.0,0.0
EX_ppdima,0.0,0.0,0.0,0.0,0.0,0.0,0.0,0.0,0.0,0.0
EX_pro_L,0.0,0.0,0.0,0.0,0.0,0.0,0.0,0.0,0.0,0.0
EX_pyr,0.0,0.0,0.0,0.0,0.0,0.0,0.0,0.0,0.0,0.0
EX_rib_D,0.0,0.0,0.0,0.0,0.0,0.0,0.0,0.0,0.0,0.0
EX_ser_D,0.0,0.0,0.0,0.0,0.0,0.0,0.0,0.0,0.0,0.0
EX_ser_L,0.0,0.0,0.0,0.0,0.0,0.0,0.0,0.0,0.0,0.0
EX_skm,0.0,0.0,0.0,0.0,0.0,0.0,0.0,0.0,0.0,0.0
EX_so4,0.0,0.0,0.0,0.0,0.0,0.0,0.0,0.0,0.0,0.0
EX_succ,0.0,0.0,0.0,0.0,0.0,0.0,0.0,0.0,0.0,0.0
EX_tartr_L,0.0,0.0,0.0,0.0,0.0,0.0,0.0,0.0,0.0,0.0
EX_thr_L,0.0,0.0,0.0,0.0,0.0,0.0,0.0,0.0,0.0,0.0
EX_tre,0.0,0.0,0.0,0.0,0.0,0.0,0.0,0.0,0.0,0.0
EX_trp_L,0.0,0.0,0.0,0.0,0.0,0.0,0.0,0.0,0.0,0.0
EX_tsul,0.0,0.0,0.0,0.0,0.0,0.0,0.0,0.0,0.0,0.0
EX_ttdca,0.0,0.0,0.0,0.0,0.0,0.0,0.0,0.0,0.0,0.0
EX_tyr_L,0.0,0.0,0.0,0.0,0.0,0.0,0.0,0.0,0.0,0.0
EX_val_L,0.0,0.0,0.0,0.0,0.0,0.0,0.0,0.0,0.0,0.0
EX_ac,0.0,0.0,0.0,0.0,0.0,0.0,0.0,0.0,0.0,0.0
EX_4abz,0.0,0.0,0.0,0.0,0.0,0.0,0.0,0.0,0.0,0.0
EX_for,0.0,0.0,0.0,0.0,0.0,0.0,0.0,0.0,0.0,0.0
EX_akg,0.0,0.0,0.0,0.0,0.0,0.0,0.0,0.0,0.0,0.0
EX_gua,0.0,0.0,0.0,0.0,0.0,0.0,0.0,0.0,0.0,0.0
EX_ad,0.0,0.0,0.0,0.0,0.0,0.0,0.0,0.0,0.0,0.0
Adt,0.0,0.0,0.0,0.0,0.0,0.0,0.0,0.0,0.0,0.0
EX_urea,0.0,0.0,0.0,0.0,0.0,0.0,0.0,0.0,0.0,0.0
FACOAE140,0.0,0.0,0.1111111111111111,0.02631578947368421,0.0,0.0,0.0,0.0,0.0,0.030303030303030304
FACOAE160,0.0,0.0,0.1111111111111111,0.02631578947368421,0.0,0.0,0.0,0.0,0.0,0.030303030303030304
FACOAE180,0.0,0.0,0.1111111111111111,0.02631578947368421,0.0,0.0,0.0,0.0,0.0,0.030303030303030304
FACOAL140,1.0,1.0,0.5,0.9473684210526315,0.42857142857142855,1.0,0.5,0.5,1.0,0.9393939393939394
FACOAL160,0.0,0.08333333333333333,0.1111111111111111,0.10526315789473684,0.0,0.14285714285714285,0.0,0.0,0.03076923076923077,0.07575757575757576
FACOAL161,1.0,1.0,0.5,0.9473684210526315,0.42857142857142855,1.0,0.5,0.5,1.0,0.9393939393939394
FACOAL180,1.0,1.0,0.5,0.9473684210526315,0.42857142857142855,1.0,0.5,0.5,1.0,0.9393939393939394
FACOAL181,0.0,0.0,0.05555555555555555,0.07894736842105263,0.0,0.0,0.0,0.0,0.0,0.045454545454545456
FACOAL200,1.0,1.0,0.5,0.9473684210526315,0.42857142857142855,1.0,0.5,0.5,1.0,0.9393939393939394
FACOAL80,0.0,0.08333333333333333,0.1111111111111111,0.10526315789473684,0.0,0.14285714285714285,0.0,0.0,0.03076923076923077,0.07575757575757576
FACOALPHDCA,0.0,0.0,0.0,0.0,0.0,0.0,0.0,0.0,0.0,0.0
FACOALPREPH,0.0,0.0,0.0,0.0,0.0,0.0,0.0,0.0,0.07692307692307693,0.10606060606060606
FAH4,0.0,0.0,0.0,0.0,0.0,0.0,0.0,0.0,0.0,0.0
FAMPL1,0.0,0.08333333333333333,0.1111111111111111,0.18421052631578946,0.0,0.2857142857142857,0.25,0.0,0.3384615384615385,0.18181818181818182
FAMPL2,0.0,0.08333333333333333,0.1111111111111111,0.18421052631578946,0.0,0.2857142857142857,0.25,0.0,0.3384615384615385,0.18181818181818182
FAMPL3,0.0,0.08333333333333333,0.1111111111111111,0.18421052631578946,0.0,0.2857142857142857,0.25,0.0,0.3384615384615385,0.18181818181818182
FAMPL4,0.0,0.08333333333333333,0.1111111111111111,0.18421052631578946,0.0,0.2857142857142857,0.25,0.0,0.3384615384615385,0.18181818181818182
FAMPL5,0.0,0.08333333333333333,0.1111111111111111,0.18421052631578946,0.0,0.2857142857142857,0.25,0.0,0.3384615384615385,0.18181818181818182
FAO1,0.0,0.0,0.16666666666666666,0.0,0.0,0.14285714285714285,0.0,0.0,0.09230769230769231,0.09090909090909091
FAO10,0.0,0.0,0.16666666666666666,0.0,0.0,0.14285714285714285,0.0,0.0,0.09230769230769231,0.09090909090909091
FAO11,0.0,0.0,0.16666666666666666,0.0,0.0,0.14285714285714285,0.0,0.0,0.09230769230769231,0.09090909090909091
FAO2,0.0,0.0,0.16666666666666666,0.0,0.0,0.14285714285714285,0.0,0.0,0.09230769230769231,0.09090909090909091
FAO3,0.0,0.0,0.16666666666666666,0.0,0.0,0.14285714285714285,0.0,0.0,0.09230769230769231,0.09090909090909091
FAS100,0.5,0.08333333333333333,0.2222222222222222,0.10526315789473684,0.0,0.14285714285714285,0.0,0.5,0.1076923076923077,0.09090909090909091
FAS120,0.5,0.08333333333333333,0.2222222222222222,0.10526315789473684,0.0,0.14285714285714285,0.0,0.5,0.1076923076923077,0.09090909090909091
FAS140,0.5,0.08333333333333333,0.2222222222222222,0.10526315789473684,0.0,0.14285714285714285,0.0,0.5,0.1076923076923077,0.09090909090909091
FAS160,0.5,0.08333333333333333,0.2222222222222222,0.10526315789473684,0.0,0.14285714285714285,0.0,0.5,0.1076923076923077,0.09090909090909091
FAS161,0.5,0.08333333333333333,0.2222222222222222,0.10526315789473684,0.0,0.14285714285714285,0.0,0.5,0.1076923076923077,0.09090909090909091
FAS180,0.5,0.08333333333333333,0.2222222222222222,0.10526315789473684,0.0,0.14285714285714285,0.0,0.5,0.1076923076923077,0.09090909090909091
FAS181,0.5,0.08333333333333333,0.2222222222222222,0.10526315789473684,0.0,0.14285714285714285,0.0,0.5,0.1076923076923077,0.09090909090909091
FAS200,0.5,0.08333333333333333,0.2222222222222222,0.10526315789473684,0.0,0.14285714285714285,0.0,0.5,0.1076923076923077,0.09090909090909091
FAS240_L,0.5,0.08333333333333333,0.2222222222222222,0.10526315789473684,0.0,0.14285714285714285,0.0,0.5,0.1076923076923077,0.09090909090909091
FAS260,0.5,0.08333333333333333,0.2222222222222222,0.10526315789473684,0.0,0.14285714285714285,0.0,0.5,0.1076923076923077,0.09090909090909091
FAS80_L,0.5,0.08333333333333333,0.2222222222222222,0.10526315789473684,0.0,0.14285714285714285,0.0,0.5,0.1076923076923077,0.09090909090909091
FASPHDCA,0.0,0.0,0.0,0.0,0.0,0.0,0.0,0.0,0.0,0.0
FASm1601,0.0,0.0,0.0,0.0,0.0,0.0,0.0,0.0,0.0,0.0
FASm180,0.0,0.0,0.0,0.0,0.0,0.0,0.0,0.0,0.0,0.0
FASm1801,0.0,0.0,0.0,0.0,0.0,0.0,0.0,0.0,0.0,0.0
FASm2001,0.0,0.0,0.0,0.0,0.0,0.0,0.0,0.0,0.0,0.0
FASm2002,0.0,0.0,0.0,0.0,0.0,0.0,0.0,0.0,0.0,0.0
FASm220,0.0,0.0,0.05555555555555555,0.07894736842105263,0.0,0.0,0.0,0.0,0.09230769230769231,0.045454545454545456
FASm2201,0.0,0.0,0.05555555555555555,0.07894736842105263,0.0,0.0,0.0,0.0,0.09230769230769231,0.045454545454545456
FASm2202,0.0,0.0,0.05555555555555555,0.07894736842105263,0.0,0.0,0.0,0.0,0.09230769230769231,0.045454545454545456
FASm240,0.0,0.0,0.05555555555555555,0.07894736842105263,0.0,0.0,0.0,0.0,0.09230769230769231,0.045454545454545456
FASm2401,0.0,0.0,0.05555555555555555,0.07894736842105263,0.0,0.0,0.0,0.0,0.09230769230769231,0.045454545454545456
FASm2402,0.0,0.0,0.05555555555555555,0.07894736842105263,0.0,0.0,0.0,0.0,0.09230769230769231,0.045454545454545456
FASm260,0.0,0.0,0.05555555555555555,0.07894736842105263,0.0,0.0,0.0,0.0,0.09230769230769231,0.045454545454545456
FASm2601,0.0,0.0,0.05555555555555555,0.07894736842105263,0.0,0.0,0.0,0.0,0.09230769230769231,0.045454545454545456
FASm2602,0.0,0.0,0.05555555555555555,0.07894736842105263,0.0,0.0,0.0,0.0,0.09230769230769231,0.045454545454545456
FASm280,0.0,0.0,0.05555555555555555,0.07894736842105263,0.0,0.0,0.0,0.0,0.09230769230769231,0.045454545454545456
FASm2801,0.0,0.0,0.05555555555555555,0.07894736842105263,0.0,0.0,0.0,0.0,0.09230769230769231,0.045454545454545456
FASm2802,0.0,0.0,0.05555555555555555,0.07894736842105263,0.0,0.0,0.0,0.0,0.09230769230769231,0.045454545454545456
FASm300,0.0,0.0,0.05555555555555555,0.07894736842105263,0.0,0.0,0.0,0.0,0.09230769230769231,0.045454545454545456
FASm3001,0.0,0.0,0.05555555555555555,0.07894736842105263,0.0,0.0,0.0,0.0,0.09230769230769231,0.045454545454545456
FASm320,0.0,0.0,0.05555555555555555,0.07894736842105263,0.0,0.0,0.0,0.0,0.09230769230769231,0.045454545454545456
FASm340,0.0,0.0,0.05555555555555555,0.07894736842105263,0.0,0.0,0.0,0.0,0.09230769230769231,0.045454545454545456
FBA,1.0,0.3333333333333333,0.16666666666666666,0.05263157894736842,0.0,0.0,0.0,0.5,0.03076923076923077,0.015151515151515152
FBP,0.0,0.0,0.1111111111111111,0.10526315789473684,0.0,0.0,0.0,0.0,0.06153846153846154,0.045454545454545456
FCLPA,0.0,0.0,0.0,0.02631578947368421,0.0,0.0,0.0,0.0,0.0,0.0
FCLT,0.0,0.0,0.0,0.0,0.0,0.0,0.0,0.0,0.0,0.0
FCLT2,0.0,0.0,0.0,0.0,0.0,0.0,0.0,0.0,0.0,0.0
FCOAH2,0.0,0.0,0.1111111111111111,0.02631578947368421,0.0,0.0,0.0,0.0,0.0,0.030303030303030304
FDH,0.5,0.0,0.0,0.0,0.0,0.0,0.0,0.0,0.0,0.015151515151515152
FE3Ri,0.0,0.0,0.0,0.0,0.0,0.0,0.0,0.0,0.0,0.0
FETRANS,0.0,0.0,0.0,0.0,0.0,0.0,0.0,0.0,0.0,0.0
FHL,0.0,0.0,0.0,0.0,0.0,0.0,0.0,0.0,0.0,0.0
FMNAT,0.0,0.0,0.0,0.02631578947368421,0.0,0.0,0.0,0.0,0.0,0.0
FOLD3,0.0,0.0,0.0,0.0,0.0,0.0,0.0,0.0,0.03076923076923077,0.0
FOLR2,0.0,0.08333333333333333,0.0,0.02631578947368421,0.0,0.0,0.0,0.0,0.0,0.030303030303030304
FOMETR,0.0,0.0,0.0,0.0,0.0,0.0,0.0,0.0,0.015384615384615385,0.015151515151515152
FORMCOAL,0.0,0.0,0.0,0.0,0.0,0.0,0.0,0.0,0.0,0.0
FRD,0.5,0.08333333333333333,0.1111111111111111,0.0,0.0,0.0,0.0,0.0,0.0,0.015151515151515152
FRD2,0.5,0.08333333333333333,0.16666666666666666,0.05263157894736842,0.0,0.0,0.0,0.0,0.06153846153846154,0.09090909090909091
FRD3,0.5,0.08333333333333333,0.16666666666666666,0.05263157894736842,0.0,0.0,0.0,0.0,0.06153846153846154,0.09090909090909091
FRRPPDIMAS,0.0,0.0,0.0,0.0,0.0,0.0,0.0,0.0,0.0,0.0
FTHFCL,0.0,0.0,0.0,0.0,0.0,0.0,0.0,0.0,0.0,0.0
FTHFD,0.0,0.0,0.0,0.0,0.0,0.0,0.0,0.0,0.0,0.0
FUM,0.0,0.16666666666666666,0.1111111111111111,0.07894736842105263,0.0,0.42857142857142855,0.0,0.0,0.07692307692307693,0.06060606060606061
FUMt2r,0.0,0.0,0.0,0.0,0.0,0.0,0.0,0.0,0.0,0.0
G16MTM1,0.0,0.0,0.0,0.0,0.0,0.0,0.0,0.0,0.0,0.0
G16MTM10,0.0,0.0,0.0,0.0,0.0,0.0,0.0,0.0,0.0,0.015151515151515152
G16MTM2,0.0,0.0,0.0,0.0,0.0,0.0,0.0,0.0,0.0,0.0
G16MTM4,0.0,0.0,0.0,0.0,0.0,0.0,0.0,0.0,0.0,0.0
G16MTM5,0.0,0.0,0.0,0.0,0.0,0.0,0.0,0.0,0.0,0.0
G16MTM6,0.0,0.0,0.0,0.0,0.0,0.0,0.0,0.0,0.0,0.0
G16MTM7,0.0,0.0,0.0,0.0,0.0,0.0,0.0,0.0,0.0,0.0
G16MTM8,0.0,0.0,0.0,0.0,0.0,0.0,0.0,0.0,0.0,0.0
G16MTM9,0.0,0.0,0.0,0.0,0.0,0.0,0.0,0.0,0.0,0.0
G1PACT,0.0,0.0,0.0,0.0,0.0,0.0,0.0,0.0,0.0,0.0
G1PTT,0.0,0.0,0.0,0.0,0.0,0.0,0.0,0.0,0.0,0.0
G1SATi,0.0,0.0,0.05555555555555555,0.0,0.0,0.0,0.0,0.0,0.0,0.0
G3PAT160,0.0,0.0,0.0,0.0,0.0,0.0,0.0,0.0,0.0,0.030303030303030304
G3PAT190,0.0,0.0,0.0,0.0,0.0,0.0,0.0,0.0,0.0,0.030303030303030304
G5SADs,0.0,0.0,0.0,0.0,0.0,0.0,0.0,0.0,0.0,0.0
G5SD,0.0,0.0,0.0,0.0,0.0,0.0,0.0,0.0,0.0,0.0
G5SD2,0.0,0.0,0.0,0.0,0.0,0.0,0.0,0.0,0.0,0.0
G6PDH2,0.0,0.0,0.0,0.0,0.0,0.0,0.0,0.0,0.0,0.015151515151515152
GALFT,0.0,0.0,0.0,0.0,0.0,0.0,0.0,0.0,0.0,0.0
GALKr,0.0,0.0,0.0,0.0,0.0,0.0,0.0,0.0,0.0,0.0
GALT,0.0,0.0,0.0,0.0,0.0,0.0,0.0,0.0,0.0,0.0
GALUi,0.0,0.0,0.0,0.0,0.0,0.0,0.0,0.0,0.0,0.0
GALt2,0.0,0.0,0.0,0.0,0.0,0.0,0.0,0.0,0.0,0.0
GAPD,0.0,0.0,0.0,0.05263157894736842,0.0,0.0,0.0,0.0,0.046153846153846156,0.015151515151515152
GARFT,0.0,0.0,0.0,0.0,0.0,0.0,0.0,0.0,0.0,0.0
GCCa,0.0,0.0,0.05555555555555555,0.05263157894736842,0.0,0.0,0.0,0.0,0.015384615384615385,0.0
GCCb,0.0,0.08333333333333333,0.0,0.07894736842105263,0.0,0.0,0.0,0.0,0.046153846153846156,0.030303030303030304
GCCc,0.0,0.0,0.0,0.0,0.0,0.0,0.0,0.0,0.0,0.0
GF6PTAr,0.0,0.0,0.0,0.0,0.0,0.0,0.0,0.0,0.015384615384615385,0.0
GFUCS,0.0,0.0,0.0,0.0,0.0,0.0,0.0,0.0,0.0,0.015151515151515152
GGLUCT2,0.0,0.0,0.0,0.0,0.0,0.0,0.0,0.0,0.0,0.0
GHMT2,0.0,0.08333333333333333,0.05555555555555555,0.0,0.0,0.0,0.0,0.0,0.0,0.030303030303030304
GK1,0.0,0.0,0.05555555555555555,0.0,0.0,0.0,0.0,0.0,0.015384615384615385,0.045454545454545456
GLCabc,0.0,0.0,0.05555555555555555,0.02631578947368421,0.0,0.14285714285714285,0.0,0.0,0.0,0.015151515151515152
GLGC,0.0,0.0,0.0,0.0,0.0,0.0,0.0,0.0,0.0,0.0
GLNS,0.5,0.0,0.05555555555555555,0.13157894736842105,0.0,0.0,0.0,0.0,0.046153846153846156,0.16666666666666666
GLNSP1,0.5,0.0,0.05555555555555555,0.13157894736842105,0.0,0.0,0.0,0.0,0.046153846153846156,0.16666666666666666
GLNSP2,0.5,0.0,0.05555555555555555,0.13157894736842105,0.0,0.0,0.0,0.0,0.046153846153846156,0.16666666666666666
GLNSP3,0.5,0.0,0.05555555555555555,0.13157894736842105,0.0,0.0,0.0,0.0,0.046153846153846156,0.16666666666666666
GLU5K,0.0,0.0,0.0,0.0,0.0,0.0,0.0,0.0,0.046153846153846156,0.015151515151515152
GLUCYS,0.0,0.0,0.0,0.0,0.0,0.0,0.0,0.0,0.0,0.0
GLUDC,0.0,0.0,0.0,0.0,0.0,0.0,0.0,0.0,0.0,0.015151515151515152
GLUDx,0.0,0.0,0.0,0.05263157894736842,0.0,0.0,0.0,0.0,0.09230769230769231,0.07575757575757576
GLUPRT,0.0,0.0,0.0,0.0,0.0,0.0,0.0,0.0,0.0,0.0
GLUR,0.0,0.0,0.0,0.0,0.0,0.0,0.0,0.0,0.0,0.0
GLUSy,0.0,0.0,0.0,0.0,0.0,0.0,0.0,0.0,0.1076923076923077,0.09090909090909091
GLUt2r,0.0,0.0,0.0,0.0,0.0,0.0,0.0,0.0,0.0,0.0
GLXO1,0.0,0.0,0.0,0.0,0.0,0.0,0.0,0.0,0.0,0.0
GLYBabc,0.0,0.0,0.0,0.0,0.0,0.0,0.0,0.0,0.0,0.0
GLYC3Pabc,0.0,0.0,0.0,0.0,0.0,0.0,0.0,0.0,0.0,0.0
GLYCK,0.0,0.0,0.0,0.0,0.0,0.0,0.0,0.0,0.0,0.015151515151515152
GLYCL,0.0,0.08333333333333333,0.0,0.07894736842105263,0.0,0.0,0.0,0.0,0.03076923076923077,0.015151515151515152
GLYCTO1,0.0,0.0,0.0,0.0,0.0,0.0,0.0,0.0,0.0,0.0
GLYCTO2,0.0,0.0,0.0,0.0,0.0,0.0,0.0,0.0,0.0,0.0
GLYCTO3,0.0,0.0,0.0,0.0,0.0,0.0,0.0,0.0,0.0,0.0
GLYCTO4,0.0,0.0,0.0,0.0,0.0,0.0,0.0,0.0,0.0,0.0
GLYCt,0.0,0.0,0.0,0.0,0.0,0.0,0.0,0.0,0.0,0.0
GLYK,0.0,0.0,0.05555555555555555,0.02631578947368421,0.0,0.0,0.0,0.0,0.0,0.015151515151515152
GLYt2r,0.0,0.0,0.0,0.0,0.0,0.0,0.0,0.0,0.0,0.0
GMAND,0.0,0.0,0.05555555555555555,0.0,0.0,0.0,0.0,0.0,0.03076923076923077,0.015151515151515152
GMPS2,0.0,0.0,0.0,0.02631578947368421,0.0,0.0,0.0,0.0,0.03076923076923077,0.0
GMT1,0.0,0.0,0.05555555555555555,0.02631578947368421,0.0,0.0,0.0,0.0,0.0,0.030303030303030304
GND,0.0,0.0,0.05555555555555555,0.0,0.0,0.0,0.0,0.0,0.015384615384615385,0.030303030303030304
GPDDA2,0.0,0.0,0.0,0.0,0.0,0.0,0.0,0.0,0.0,0.0
GRTT,0.0,0.0,0.0,0.0,0.0,0.0,0.0,0.0,0.0,0.0
GSNK,0.0,0.0,0.0,0.0,0.0,0.0,0.0,0.0,0.0,0.0
GTHOr,0.0,0.0,0.0,0.0,0.0,0.0,0.0,0.0,0.0,0.0
GTHRDt2,0.0,0.0,0.0,0.0,0.0,0.0,0.0,0.0,0.0,0.0
GTHS,0.0,0.0,0.0,0.0,0.0,0.0,0.0,0.0,0.0,0.0
GTMLT,0.0,0.0,0.0,0.07894736842105263,0.0,0.0,0.0,0.0,0.03076923076923077,0.0
GTPCI,0.0,0.0,0.0,0.0,0.0,0.0,0.0,0.0,0.0,0.0
GTPCII,0.0,0.08333333333333333,0.0,0.07894736842105263,0.0,0.0,0.0,0.0,0.015384615384615385,0.045454545454545456
GTPCII2,0.0,0.08333333333333333,0.0,0.07894736842105263,0.0,0.0,0.0,0.0,0.015384615384615385,0.045454545454545456
GTPDPK,0.0,0.0,0.0,0.0,0.0,0.0,0.0,0.0,0.015384615384615385,0.015151515151515152
GTPH1,0.0,0.0,0.0,0.0,0.0,0.0,0.0,0.0,0.015384615384615385,0.015151515151515152
GUACYC,0.0,0.0,0.0,0.0,0.0,0.0,0.0,0.0,0.0,0.0
GUAD,0.0,0.0,0.0,0.0,0.0,0.0,0.0,0.0,0.0,0.0
GUAPRT,0.0,0.0,0.0,0.0,0.0,0.0,0.0,0.0,0.0,0.0
H2CO3D,0.5,0.0,0.05555555555555555,0.05263157894736842,0.14285714285714285,0.0,0.0,0.0,0.046153846153846156,0.06060606060606061
H2CO3TP,0.0,0.0,0.0,0.0,0.0,0.0,0.0,0.0,0.0,0.0
H2Ot,0.0,0.0,0.0,0.0,0.0,0.0,0.0,0.0,0.0,0.0
H2St1,0.0,0.0,0.0,0.0,0.0,0.0,0.0,0.0,0.0,0.0
H2td,0.0,0.0,0.0,0.0,0.0,0.0,0.0,0.0,0.0,0.0
HCO3E,0.5,0.0,0.05555555555555555,0.05263157894736842,0.14285714285714285,0.0,0.0,0.0,0.046153846153846156,0.06060606060606061
HCYSMT,0.0,0.0,0.0,0.0,0.0,0.0,0.0,0.0,0.0,0.0
HDCAt2,0.0,0.0,0.0,0.0,0.0,0.0,0.0,0.0,0.0,0.0
HEX1,0.0,0.0,0.0,0.0,0.0,0.0,0.0,0.0,0.015384615384615385,0.015151515151515152
HISTD,0.0,0.0,0.0,0.02631578947368421,0.0,0.0,0.0,0.0,0.015384615384615385,0.015151515151515152
HISTP,0.0,0.0,0.05555555555555555,0.0,0.0,0.0,0.0,0.0,0.0,0.015151515151515152
HISt2r,0.0,0.0,0.0,0.0,0.0,0.0,0.0,0.0,0.0,0.0
HMBS,0.0,0.0,0.0,0.0,0.0,0.0,0.0,0.0,0.0,0.0
HMPK1,0.0,0.0,0.0,0.0,0.0,0.0,0.0,0.0,0.0,0.0
HMPK2,0.0,0.0,0.0,0.0,0.0,0.0,0.0,0.0,0.0,0.0
HMPK3,0.0,0.0,0.0,0.0,0.0,0.0,0.0,0.0,0.0,0.0
HMPK4,0.0,0.0,0.0,0.0,0.0,0.0,0.0,0.0,0.0,0.0
HOPNTAL,0.0,0.0,0.0,0.0,0.0,0.14285714285714285,0.0,0.0,0.0,0.0
HPPK,0.0,0.0,0.05555555555555555,0.0,0.14285714285714285,0.0,0.0,0.0,0.0,0.030303030303030304
HPPK2,0.0,0.0,0.05555555555555555,0.0,0.14285714285714285,0.0,0.0,0.0,0.0,0.030303030303030304
HSDy,0.0,0.0,0.0,0.0,0.0,0.0,0.0,0.0,0.0,0.015151515151515152
HSERTA,0.0,0.0,0.0,0.0,0.0,0.0,0.0,0.0,0.0,0.0
HSK,0.0,0.0,0.0,0.05263157894736842,0.0,0.0,0.0,0.0,0.0,0.0
HSST,0.0,0.0,0.0,0.0,0.0,0.0,0.0,0.0,0.0,0.0
HSTPT,0.5,0.08333333333333333,0.05555555555555555,0.0,0.0,0.0,0.0,0.0,0.046153846153846156,0.015151515151515152
HXPRT,0.0,0.0,0.0,0.0,0.0,0.0,0.0,0.0,0.0,0.0
ICDHy,0.0,0.0,0.0,0.05263157894736842,0.0,0.0,0.0,0.0,0.03076923076923077,0.030303030303030304
ICHORSi,0.0,0.0,0.0,0.05263157894736842,0.0,0.0,0.0,0.0,0.0,0.0
ICL,0.0,0.0,0.1111111111111111,0.02631578947368421,0.0,0.2857142857142857,0.0,0.0,0.1076923076923077,0.12121212121212122
ID3ACALDt,0.0,0.0,0.0,0.0,0.0,0.0,0.0,0.0,0.0,0.0
IG3PS,0.0,0.0,0.0,0.0,0.0,0.14285714285714285,0.0,0.0,0.0,0.015151515151515152
IGAMD,0.0,0.0,0.0,0.0,0.0,0.0,0.0,0.0,0.0,0.0
IGPDH,0.0,0.0,0.05555555555555555,0.0,0.0,0.0,0.0,0.0,0.0,0.015151515151515152
IGPS,0.0,0.16666666666666666,0.16666666666666666,0.15789473684210525,0.0,0.14285714285714285,0.25,0.0,0.06153846153846154,0.06060606060606061
ILETA,0.0,0.16666666666666666,0.16666666666666666,0.02631578947368421,0.0,0.14285714285714285,0.0,0.0,0.06153846153846154,0.030303030303030304
ILEt2r,0.0,0.0,0.0,0.0,0.0,0.0,0.0,0.0,0.0,0.0
IMPC,0.0,0.0,0.0,0.02631578947368421,0.0,0.0,0.0,0.0,0.03076923076923077,0.015151515151515152
IMPD,0.0,0.08333333333333333,0.2777777777777778,0.07894736842105263,0.0,0.42857142857142855,0.0,0.0,0.0,0.07575757575757576
INDPYRD,0.0,0.0,0.0,0.0,0.0,0.0,0.0,0.0,0.015384615384615385,0.0
INSH,0.0,0.0,0.0,0.0,0.0,0.0,0.0,0.0,0.0,0.0
INSK,0.0,0.0,0.0,0.0,0.0,0.0,0.0,0.0,0.0,0.0
IPDDI,0.0,0.0,0.0,0.0,0.0,0.0,0.0,0.0,0.0,0.0
IPDPS,0.0,0.0,0.0,0.0,0.0,0.0,0.0,0.0,0.0,0.0
IPMD,0.0,0.0,0.0,0.0,0.0,0.0,0.0,0.0,0.0,0.0
IPPMIa,0.0,0.08333333333333333,0.0,0.0,0.0,0.0,0.0,0.0,0.0,0.030303030303030304
IPPMIb,0.0,0.08333333333333333,0.0,0.0,0.0,0.0,0.0,0.0,0.0,0.030303030303030304
IPPS,0.0,0.08333333333333333,0.1111111111111111,0.07894736842105263,0.0,0.2857142857142857,0.0,0.0,0.06153846153846154,0.09090909090909091
KARA1i,0.0,0.0,0.0,0.0,0.0,0.0,0.0,0.0,0.06153846153846154,0.030303030303030304
KARA2i,0.0,0.0,0.0,0.0,0.0,0.0,0.0,0.0,0.06153846153846154,0.030303030303030304
Kabc,0.0,0.0,0.0,0.0,0.0,0.0,0.0,0.0,0.0,0.0
Kt3r,0.0,0.0,0.05555555555555555,0.02631578947368421,0.0,0.0,0.0,0.0,0.015384615384615385,0.015151515151515152
LACZ,0.0,0.0,0.0,0.0,0.0,0.0,0.0,0.0,0.0,0.0
LCTSabc,0.0,0.0,0.0,0.0,0.0,0.0,0.0,0.0,0.0,0.0
LDH_L,0.0,0.0,0.0,0.0,0.0,0.0,0.0,0.0,0.0,0.0
LEUTA,0.0,0.16666666666666666,0.16666666666666666,0.02631578947368421,0.0,0.14285714285714285,0.0,0.0,0.06153846153846154,0.030303030303030304
LEUt2r,0.0,0.0,0.0,0.0,0.0,0.0,0.0,0.0,0.0,0.0
LO,0.0,0.0,0.0,0.0,0.0,0.0,0.0,0.0,0.0,0.0
LPLIPAL2E160,0.0,0.0,0.0,0.02631578947368421,0.0,0.0,0.0,0.0,0.0,0.0
LPLIPAL2E180,0.0,0.16666666666666666,0.2777777777777778,0.2894736842105263,0.14285714285714285,0.2857142857142857,0.0,0.0,0.046153846153846156,0.13636363636363635
LYSt5r,0.0,0.0,0.0,0.0,0.0,0.0,0.0,0.0,0.0,0.0
L_LACD,0.0,0.0,0.1111111111111111,0.07894736842105263,0.0,0.0,0.25,0.0,0.046153846153846156,0.045454545454545456
L_LACD2,0.0,0.0,0.1111111111111111,0.07894736842105263,0.0,0.0,0.25,0.0,0.046153846153846156,0.045454545454545456
L_LACD3,0.0,0.0,0.1111111111111111,0.07894736842105263,0.0,0.0,0.25,0.0,0.046153846153846156,0.045454545454545456
L_LACt2r,0.0,0.0,0.0,0.0,0.0,0.0,0.0,0.0,0.0,0.0
L_LACt3,0.0,0.0,0.0,0.0,0.0,0.0,0.0,0.0,0.0,0.0
MALS,0.5,0.08333333333333333,0.2777777777777778,0.15789473684210525,0.0,0.42857142857142855,0.25,0.5,0.12307692307692308,0.10606060606060606
MALT,0.0,0.0,0.0,0.0,0.0,0.0,0.0,0.0,0.0,0.0
MALTHPabc,0.0,0.0,0.05555555555555555,0.02631578947368421,0.0,0.14285714285714285,0.0,0.0,0.0,0.015151515151515152
MALTabc,0.0,0.0,0.05555555555555555,0.02631578947368421,0.0,0.14285714285714285,0.0,0.0,0.0,0.015151515151515152
MALt2r,0.0,0.0,0.0,0.0,0.0,0.0,0.0,0.0,0.0,0.0
MAN1PT,0.0,0.0,0.0,0.0,0.0,0.0,0.25,0.0,0.015384615384615385,0.0
MAN1PT2,0.0,0.0,0.0,0.0,0.0,0.0,0.25,0.0,0.015384615384615385,0.0
MAN6PI,0.0,0.0,0.0,0.0,0.0,0.0,0.0,0.0,0.0,0.0
MANAT1,0.0,0.0,0.0,0.0,0.0,0.0,0.0,0.0,0.0,0.0
MANAT2,0.0,0.0,0.0,0.0,0.0,0.0,0.0,0.0,0.0,0.0
MANAT3,0.0,0.0,0.0,0.0,0.0,0.0,0.0,0.0,0.0,0.0
MCBTS,0.0,0.0,0.0,0.02631578947368421,0.0,0.0,0.0,0.0,0.015384615384615385,0.045454545454545456
MCBTS2,0.0,0.0,0.0,0.02631578947368421,0.0,0.0,0.0,0.0,0.015384615384615385,0.045454545454545456
MCBTS3,0.0,0.0,0.0,0.02631578947368421,0.0,0.0,0.0,0.0,0.015384615384615385,0.045454545454545456
MCD,0.5,0.16666666666666666,0.2222222222222222,0.13157894736842105,0.0,0.7142857142857143,0.0,0.0,0.24615384615384617,0.36363636363636365
MCOATA,0.0,0.0,0.0,0.0,0.0,0.0,0.0,0.0,0.03076923076923077,0.0
MDFDH,0.0,0.0,0.0,0.0,0.0,0.0,0.0,0.0,0.046153846153846156,0.0
MDH,0.0,0.0,0.0,0.02631578947368421,0.0,0.0,0.0,0.0,0.015384615384615385,0.015151515151515152
ME1,0.0,0.08333333333333333,0.0,0.0,0.0,0.0,0.0,0.0,0.0,0.015151515151515152
MECDPDH,0.0,0.0,0.0,0.0,0.0,0.0,0.0,0.0,0.0,0.0
MECDPS,0.0,0.0,0.0,0.0,0.0,0.0,0.0,0.0,0.0,0.0
MEOHt2,0.0,0.0,0.0,0.0,0.0,0.0,0.0,0.0,0.0,0.0
MEPCT,0.0,0.0,0.0,0.0,0.0,0.0,0.0,0.0,0.0,0.0
METAT,0.0,0.16666666666666666,0.0,0.0,0.0,0.2857142857142857,0.0,0.0,0.03076923076923077,0.030303030303030304
METOX1s,0.0,0.0,0.0,0.0,0.0,0.0,0.0,0.0,0.0,0.0
METOX2s,0.0,0.0,0.0,0.0,0.0,0.0,0.0,0.0,0.0,0.0
METS,0.0,0.08333333333333333,0.1111111111111111,0.0,0.0,0.0,0.5,0.0,0.07692307692307693,0.10606060606060606
METSOXR1,0.0,0.0,0.0,0.0,0.0,0.0,0.0,0.0,0.0,0.0
METSOXR2,0.0,0.0,0.0,0.0,0.0,0.0,0.0,0.0,0.0,0.0
METabc,0.0,0.0,0.0,0.0,0.0,0.0,0.0,0.0,0.0,0.0
MGt5,0.0,0.0,0.0,0.0,0.0,0.0,0.0,0.0,0.0,0.0
MHPGLUT,0.0,0.08333333333333333,0.1111111111111111,0.0,0.0,0.0,0.5,0.0,0.06153846153846154,0.07575757575757576
MI1PP,0.0,0.0,0.1111111111111111,0.02631578947368421,0.0,0.0,0.0,0.0,0.06153846153846154,0.045454545454545456
MI1PS,0.0,0.08333333333333333,0.05555555555555555,0.07894736842105263,0.0,0.0,0.0,0.0,0.1076923076923077,0.09090909090909091
MI3PP,0.0,0.0,0.1111111111111111,0.02631578947368421,0.0,0.0,0.0,0.0,0.06153846153846154,0.045454545454545456
MMCD,0.0,0.0,0.05555555555555555,0.02631578947368421,0.0,0.0,0.0,0.0,0.06153846153846154,0.12121212121212122
MME,0.0,0.0,0.0,0.02631578947368421,0.0,0.0,0.0,0.0,0.0,0.015151515151515152
MMM2r,0.0,0.0,0.0,0.02631578947368421,0.0,0.0,0.0,0.0,0.0,0.045454545454545456
MMSAD1,0.0,0.0,0.05555555555555555,0.02631578947368421,0.0,0.0,0.0,0.0,0.07692307692307693,0.09090909090909091
MMSAD2,0.0,0.0,0.0,0.0,0.0,0.0,0.0,0.0,0.0,0.0
MN6PP,0.0,0.0,0.0,0.0,0.0,0.0,0.0,0.0,0.0,0.0
MNDNS1,0.0,0.0,0.0,0.0,0.0,0.0,0.0,0.0,0.0,0.0
MNDNS2,0.0,0.0,0.0,0.0,0.0,0.0,0.0,0.0,0.0,0.0
MOHMT,0.0,0.0,0.0,0.02631578947368421,0.0,0.0,0.0,0.0,0.0,0.015151515151515152
MPML,0.0,0.0,0.0,0.0,0.0,0.0,0.0,0.0,0.0,0.030303030303030304
MSHAMID,0.0,0.0,0.0,0.0,0.0,0.0,0.0,0.0,0.015384615384615385,0.0
MSHOXH,0.0,0.0,0.0,0.0,0.0,0.0,0.0,0.0,0.0,0.0
MSHS,0.0,0.0,0.0,0.02631578947368421,0.0,0.0,0.25,0.0,0.015384615384615385,0.030303030303030304
MTAN,0.0,0.0,0.0,0.0,0.0,0.0,0.0,0.0,0.015384615384615385,0.0
MTHFC,0.0,0.0,0.0,0.0,0.0,0.0,0.0,0.0,0.0,0.0
MTHFD,0.0,0.0,0.0,0.0,0.0,0.0,0.0,0.0,0.0,0.0
MTHFR2,0.0,0.0,0.0,0.0,0.0,0.0,0.0,0.0,0.0,0.0
MTI,0.0,0.0,0.0,0.02631578947368421,0.0,0.0,0.0,0.0,0.0,0.0
MYC1CYC1,0.0,0.0,0.0,0.0,0.0,0.0,0.0,0.0,0.03076923076923077,0.030303030303030304
MYC1CYC2,0.0,0.0,0.0,0.0,0.0,0.0,0.0,0.0,0.03076923076923077,0.030303030303030304
MYC1CYC3,0.0,0.0,0.0,0.0,0.0,0.0,0.0,0.0,0.03076923076923077,0.030303030303030304
MYC1CYC4,0.0,0.16666666666666666,0.0,0.02631578947368421,0.0,0.14285714285714285,0.0,0.0,0.015384615384615385,0.015151515151515152
MYC1CYC5,0.0,0.0,0.0,0.0,0.0,0.0,0.0,0.0,0.0,0.0
MYC1M1,0.0,0.25,0.05555555555555555,0.02631578947368421,0.0,0.14285714285714285,0.0,0.0,0.015384615384615385,0.030303030303030304
MYC1M2,0.0,0.25,0.05555555555555555,0.02631578947368421,0.0,0.14285714285714285,0.0,0.0,0.015384615384615385,0.030303030303030304
MYC2CYC1,0.0,0.0,0.0,0.0,0.0,0.0,0.0,0.0,0.0,0.0
MYC2CYC2,0.0,0.0,0.0,0.0,0.0,0.0,0.0,0.0,0.0,0.0
MYC2CYC3,0.0,0.0,0.0,0.0,0.0,0.0,0.0,0.0,0.0,0.0
MYCON1,0.0,0.25,0.16666666666666666,0.23684210526315788,0.2857142857142857,0.0,0.0,0.0,0.13846153846153847,0.16666666666666666
MYCON2,0.0,0.25,0.16666666666666666,0.23684210526315788,0.2857142857142857,0.0,0.0,0.0,0.13846153846153847,0.16666666666666666
MYCON3,0.0,0.25,0.16666666666666666,0.23684210526315788,0.2857142857142857,0.0,0.0,0.0,0.13846153846153847,0.16666666666666666
MYCON4,0.0,0.25,0.16666666666666666,0.23684210526315788,0.2857142857142857,0.0,0.0,0.0,0.13846153846153847,0.16666666666666666
MYCON5,0.0,0.25,0.16666666666666666,0.23684210526315788,0.2857142857142857,0.0,0.0,0.0,0.13846153846153847,0.16666666666666666
MYCSacp50,0.0,0.08333333333333333,0.16666666666666666,0.0,0.0,0.0,0.0,0.0,0.06153846153846154,0.10606060606060606
MYCSacp56,0.0,0.08333333333333333,0.16666666666666666,0.0,0.0,0.0,0.0,0.0,0.06153846153846154,0.10606060606060606
MYCSacp58,0.0,0.08333333333333333,0.16666666666666666,0.0,0.0,0.0,0.0,0.0,0.06153846153846154,0.10606060606060606
MYCTR,0.0,0.0,0.0,0.0,0.0,0.0,0.0,0.0,0.0,0.0
MYCTR2,0.0,0.0,0.0,0.0,0.0,0.0,0.0,0.0,0.0,0.0
NADH10,0.0,0.5,0.16666666666666666,0.07894736842105263,0.0,0.5714285714285714,0.0,0.0,0.09230769230769231,0.09090909090909091
NADH2r,0.0,0.5,0.16666666666666666,0.07894736842105263,0.0,0.5714285714285714,0.0,0.0,0.09230769230769231,0.09090909090909091
NADH5,0.0,0.0,0.0,0.0,0.0,0.0,0.0,0.0,0.015384615384615385,0.06060606060606061
NADH9,0.0,0.5,0.16666666666666666,0.07894736842105263,0.0,0.5714285714285714,0.0,0.0,0.09230769230769231,0.09090909090909091
NADK,0.0,0.0,0.1111111111111111,0.02631578947368421,0.0,0.0,0.0,0.0,0.0,0.015151515151515152
NADS2,0.0,0.0,0.0,0.02631578947368421,0.0,0.0,0.0,0.0,0.0,0.030303030303030304
NADTRHD,0.0,0.0,0.2222222222222222,0.07894736842105263,0.0,0.14285714285714285,0.0,0.0,0.07692307692307693,0.06060606060606061
NAKtr,0.0,0.0,0.0,0.0,0.0,0.0,0.0,0.0,0.0,0.0
NAPRTr,0.0,0.08333333333333333,0.0,0.0,0.0,0.0,0.0,0.0,0.0,0.0
NARK,0.0,0.0,0.0,0.0,0.0,0.0,0.0,0.0,0.0,0.0
NAt3_1,0.0,0.0,0.0,0.0,0.0,0.0,0.0,0.0,0.0,0.0
NDPK1,0.0,0.0,0.0,0.05263157894736842,0.0,0.0,0.0,0.0,0.015384615384615385,0.030303030303030304
NDPK2,0.0,0.0,0.0,0.05263157894736842,0.0,0.0,0.0,0.0,0.015384615384615385,0.030303030303030304
NDPK3,0.0,0.0,0.0,0.05263157894736842,0.0,0.0,0.0,0.0,0.015384615384615385,0.030303030303030304
NDPK4,0.0,0.0,0.0,0.05263157894736842,0.0,0.0,0.0,0.0,0.015384615384615385,0.030303030303030304
NDPK5,0.0,0.0,0.0,0.05263157894736842,0.0,0.0,0.0,0.0,0.015384615384615385,0.030303030303030304
NDPK6,0.0,0.0,0.0,0.05263157894736842,0.0,0.0,0.0,0.0,0.015384615384615385,0.030303030303030304
NDPK7,0.0,0.0,0.0,0.05263157894736842,0.0,0.0,0.0,0.0,0.015384615384615385,0.030303030303030304
NDPK8,0.0,0.0,0.0,0.05263157894736842,0.0,0.0,0.0,0.0,0.015384615384615385,0.030303030303030304
NH4OHDs,0.0,0.0,0.0,0.0,0.0,0.0,0.0,0.0,0.0,0.0
NH4t,0.0,0.0,0.0,0.0,0.0,0.0,0.0,0.0,0.0,0.0
NNAM,0.0,0.0,0.0,0.0,0.0,0.0,0.0,0.0,0.0,0.0
NNAT,0.0,0.0,0.0,0.0,0.0,0.0,0.0,0.0,0.0,0.0
NNDMBRT,0.0,0.0,0.0,0.0,0.0,0.0,0.0,0.0,0.0,0.0
NNDPR,0.0,0.0,0.0,0.0,0.0,0.0,0.0,0.0,0.0,0.015151515151515152
NO,0.0,0.0,0.0,0.0,0.0,0.0,0.0,0.0,0.0,0.0
NO3R1,0.0,0.0,0.0,0.0,0.0,0.0,0.0,0.5,0.015384615384615385,0.0
NO3R2,0.0,0.0,0.0,0.0,0.0,0.0,0.0,0.5,0.015384615384615385,0.0
NOt,0.0,0.0,0.0,0.0,0.0,0.0,0.0,0.0,0.0,0.0
NPHS,0.0,0.0,0.05555555555555555,0.0,0.0,0.0,0.0,0.0,0.046153846153846156,0.030303030303030304
NTD1,0.0,0.0,0.0,0.0,0.0,0.0,0.0,0.0,0.0,0.0
NTD10,0.0,0.0,0.0,0.0,0.0,0.0,0.0,0.0,0.0,0.0
NTD11,0.0,0.0,0.0,0.0,0.0,0.0,0.0,0.0,0.0,0.0
NTD2,0.0,0.0,0.0,0.0,0.0,0.0,0.0,0.0,0.0,0.0
NTD3,0.0,0.0,0.0,0.0,0.0,0.0,0.0,0.0,0.0,0.0
NTD4,0.0,0.0,0.0,0.0,0.0,0.0,0.0,0.0,0.0,0.0
NTD5,0.0,0.0,0.0,0.0,0.0,0.0,0.0,0.0,0.0,0.0
NTD6,0.0,0.0,0.0,0.0,0.0,0.0,0.0,0.0,0.0,0.0
NTD7,0.0,0.0,0.0,0.0,0.0,0.0,0.0,0.0,0.0,0.0
NTD8,0.0,0.0,0.0,0.0,0.0,0.0,0.0,0.0,0.0,0.0
NTD9,0.0,0.0,0.0,0.0,0.0,0.0,0.0,0.0,0.0,0.0
NTPP2,0.0,0.0,0.0,0.0,0.0,0.0,0.0,0.0,0.0,0.0
NTPP3,0.0,0.0,0.0,0.0,0.0,0.0,0.0,0.0,0.0,0.0
NTPP4,0.5,0.0,0.0,0.05263157894736842,0.0,0.0,0.0,0.0,0.015384615384615385,0.015151515151515152
NTPP5,0.0,0.0,0.0,0.0,0.0,0.0,0.0,0.0,0.0,0.0
NTPP7,0.0,0.0,0.0,0.0,0.0,0.0,0.0,0.0,0.0,0.0
NTPP8,0.0,0.0,0.0,0.0,0.0,0.0,0.0,0.0,0.0,0.0
NTPTP1,0.0,0.0,0.05555555555555555,0.02631578947368421,0.0,0.0,0.0,0.0,0.015384615384615385,0.015151515151515152
NTPTP2,0.0,0.0,0.05555555555555555,0.02631578947368421,0.0,0.0,0.0,0.0,0.015384615384615385,0.015151515151515152
NTRIR2x,0.0,0.0,0.0,0.0,0.0,0.0,0.0,0.0,0.0,0.0
NTRIRx,0.0,0.0,0.0,0.0,0.0,0.0,0.0,0.0,0.0,0.0
NTRIRy,0.0,0.0,0.0,0.0,0.0,0.0,0.0,0.0,0.0,0.0
O16RHAT,0.0,0.0,0.0,0.0,0.0,0.0,0.0,0.0,0.0,0.0
O2t,0.0,0.0,0.0,0.0,0.0,0.0,0.0,0.0,0.0,0.0
OCBT,0.0,0.0,0.0,0.0,0.0,0.0,0.0,0.0,0.015384615384615385,0.0
OCDCAt2,0.0,0.0,0.0,0.0,0.0,0.0,0.0,0.0,0.0,0.0
OCOAT1r,0.0,0.0,0.0,0.0,0.0,0.0,0.0,0.0,0.0,0.0
OMCDC,0.0,0.0,0.0,0.0,0.0,0.0,0.0,0.0,0.0,0.0
OMPDC,0.0,0.0,0.0,0.0,0.0,0.0,0.0,0.0,0.0,0.0
OPAH,0.0,0.0,0.0,0.0,0.0,0.0,0.0,0.0,0.0,0.0
ORNTA,0.0,0.0,0.0,0.0,0.0,0.0,0.0,0.0,0.0,0.0
ORNTAC,0.0,0.0,0.0,0.0,0.0,0.0,0.0,0.0,0.0,0.0
ORNt,0.0,0.0,0.0,0.0,0.0,0.0,0.0,0.0,0.0,0.0
ORPT,0.0,0.0,0.0,0.0,0.0,0.0,0.0,0.0,0.0,0.0
OXACOAL,0.0,0.0,0.0,0.0,0.0,0.0,0.0,0.0,0.0,0.0
OXCDC,0.0,0.0,0.0,0.0,0.0,0.0,0.0,0.0,0.0,0.0
OXGDC,0.0,0.0,0.0,0.05263157894736842,0.0,0.0,0.0,0.0,0.06153846153846154,0.07575757575757576
P5CD,0.0,0.0,0.0,0.0,0.0,0.0,0.0,0.0,0.0,0.015151515151515152
P5CR,0.0,0.0,0.05555555555555555,0.02631578947368421,0.0,0.14285714285714285,0.0,0.0,0.015384615384615385,0.030303030303030304
P5CRx,0.0,0.0,0.05555555555555555,0.02631578947368421,0.0,0.14285714285714285,0.0,0.0,0.015384615384615385,0.030303030303030304
PACt2r,0.0,0.0,0.0,0.0,0.0,0.0,0.0,0.0,0.0,0.0
PANTS,0.0,0.08333333333333333,0.0,0.02631578947368421,0.0,0.0,0.0,0.0,0.015384615384615385,0.015151515151515152
PAPA160,0.0,0.0,0.0,0.0,0.0,0.0,0.0,0.0,0.0,0.0
PAPPT1,0.0,0.0,0.0,0.0,0.0,0.0,0.0,0.0,0.0,0.0
PAPPT2,0.0,0.0,0.0,0.0,0.0,0.0,0.0,0.0,0.0,0.0
PAPPT3,0.0,0.0,0.0,0.0,0.0,0.0,0.0,0.0,0.0,0.0
PAPR,0.0,0.0,0.05555555555555555,0.0,0.14285714285714285,0.0,0.0,0.5,0.015384615384615385,0.030303030303030304
PATS,0.0,0.0,0.0,0.0,0.0,0.0,0.0,0.0,0.0,0.0
PC,0.0,0.0,0.0,0.0,0.0,0.0,0.0,0.0,0.0,0.030303030303030304
PC11M,0.0,0.0,0.0,0.0,0.0,0.0,0.0,0.0,0.0,0.0
PC17M,0.0,0.0,0.0,0.0,0.0,0.0,0.0,0.0,0.0,0.030303030303030304
PC20M,0.0,0.0,0.0,0.0,0.0,0.0,0.0,0.0,0.0,0.030303030303030304
PC6AR,0.0,0.0,0.0,0.0,0.0,0.0,0.0,0.0,0.0,0.0
PC6YM,0.0,0.0,0.0,0.0,0.0,0.0,0.0,0.0,0.0,0.0
PC8XM,0.0,0.0,0.0,0.0,0.0,0.0,0.0,0.0,0.0,0.0
PDE1,0.0,0.0,0.0,0.0,0.0,0.0,0.0,0.0,0.0,0.0
PDE4,0.0,0.0,0.0,0.0,0.0,0.0,0.0,0.0,0.0,0.0
PDH,0.5,0.08333333333333333,0.1111111111111111,0.07894736842105263,0.0,0.14285714285714285,0.0,0.0,0.09230769230769231,0.16666666666666666
PDHa,0.5,0.08333333333333333,0.1111111111111111,0.07894736842105263,0.0,0.14285714285714285,0.0,0.0,0.09230769230769231,0.16666666666666666
PDHbr,0.5,0.08333333333333333,0.1111111111111111,0.07894736842105263,0.0,0.14285714285714285,0.0,0.0,0.06153846153846154,0.13636363636363635
PDHc,0.0,0.0,0.0,0.02631578947368421,0.0,0.14285714285714285,0.0,0.0,0.015384615384615385,0.045454545454545456
PDIMAS,0.0,0.0,0.0,0.15789473684210525,0.0,0.14285714285714285,0.0,0.0,0.09230769230769231,0.07575757575757576
PDIMAT,0.0,0.0,0.1111111111111111,0.05263157894736842,0.0,0.2857142857142857,0.25,0.0,0.0,0.0
PDX5PO,0.0,0.0,0.0,0.0,0.0,0.0,0.0,0.0,0.0,0.0
PEAMNO,0.0,0.0,0.0,0.0,0.0,0.0,0.0,0.0,0.0,0.0
PEPCK_re,0.0,0.0,0.1111111111111111,0.0,0.0,0.0,0.25,0.0,0.07692307692307693,0.07575757575757576
PFK,0.0,0.0,0.0,0.0,0.0,0.0,0.25,0.0,0.03076923076923077,0.015151515151515152
PFL,0.0,0.0,0.0,0.0,0.0,0.0,0.0,0.0,0.0,0.0
PGAMT,0.5,0.08333333333333333,0.05555555555555555,0.0,0.0,0.14285714285714285,0.0,0.0,0.015384615384615385,0.0
PGCD,0.5,0.0,0.0,0.10526315789473684,0.0,0.0,0.0,0.0,0.03076923076923077,0.09090909090909091
PGI,0.0,0.0,0.0,0.07894736842105263,0.0,0.0,0.0,0.0,0.046153846153846156,0.015151515151515152
PGK,0.0,0.0,0.05555555555555555,0.02631578947368421,0.0,0.14285714285714285,0.0,0.0,0.0,0.015151515151515152
PGL,0.0,0.0,0.0,0.0,0.0,0.0,0.0,0.0,0.0,0.0
PGLS,0.0,0.0,0.0,0.0,0.0,0.0,0.0,0.0,0.0,0.0
PGLYCP,0.0,0.0,0.0,0.0,0.0,0.0,0.0,0.0,0.0,0.0
PGM,0.0,0.0,0.0,0.0,0.0,0.0,0.0,0.0,0.0,0.0
PGMT,0.0,0.0,0.0,0.0,0.0,0.0,0.0,0.0,0.0,0.015151515151515152
PGPP160,0.0,0.0,0.0,0.0,0.0,0.0,0.0,0.0,0.0,0.0
PGPP160190,0.0,0.0,0.0,0.0,0.0,0.0,0.0,0.0,0.0,0.0
PGPP190,0.0,0.0,0.0,0.0,0.0,0.0,0.0,0.0,0.0,0.0
PGPPT3,0.0,0.0,0.0,0.0,0.0,0.0,0.0,0.0,0.0,0.0
PGSA160,0.0,0.0,0.0,0.0,0.0,0.0,0.0,0.0,0.0,0.0
PGSA160190,0.0,0.0,0.0,0.0,0.0,0.0,0.0,0.0,0.0,0.0
PGSA190,0.0,0.0,0.0,0.0,0.0,0.0,0.0,0.0,0.0,0.0
PHDCATA,0.0,0.0,0.0,0.0,0.0,0.0,0.0,0.0,0.0,0.0
PHDCAt,0.0,0.0,0.0,0.0,0.0,0.0,0.0,0.0,0.0,0.0
PHETA1,0.0,0.0,0.0,0.0,0.0,0.0,0.0,0.0,0.0,0.0
PHEt2r,0.0,0.0,0.0,0.0,0.0,0.0,0.0,0.0,0.0,0.0
PHTHDLS,0.0,0.0,0.0,0.0,0.0,0.0,0.0,0.0,0.0,0.0
PHTHDLS2,0.0,0.0,0.0,0.0,0.0,0.0,0.0,0.0,0.0,0.0
PHTHS,0.0,0.08333333333333333,0.05555555555555555,0.13157894736842105,0.0,0.0,0.0,0.0,0.046153846153846156,0.07575757575757576
PHTHS2,0.0,0.08333333333333333,0.05555555555555555,0.13157894736842105,0.0,0.0,0.0,0.0,0.046153846153846156,0.07575757575757576
PHYCBOXL,0.0,0.0,0.0,0.0,0.0,0.0,0.0,0.0,0.0,0.0
PIabc,0.0,0.08333333333333333,0.05555555555555555,0.02631578947368421,0.0,0.0,0.0,0.0,0.0,0.030303030303030304
PLCD,0.0,0.0,0.0,0.0,0.0,0.0,0.0,0.0,0.0,0.0
PLIPA1E160,0.0,0.0,0.0,0.0,0.0,0.0,0.0,0.0,0.0,0.0
PLIPA1E180,0.0,0.0,0.0,0.0,0.0,0.0,0.0,0.0,0.0,0.0
PMANM,0.0,0.0,0.0,0.0,0.0,0.0,0.0,0.0,0.0,0.0
PMDPHT,0.0,0.0,0.0,0.0,0.0,0.0,0.0,0.0,0.0,0.0
PMPK,0.0,0.0,0.0,0.0,0.0,0.0,0.0,0.0,0.0,0.0
PNCDC,0.0,0.0,0.0,0.0,0.0,0.0,0.0,0.0,0.0,0.0
PNTK,0.0,0.0,0.0,0.0,0.0,0.0,0.0,0.0,0.0,0.0
PPA,0.5,0.0,0.1111111111111111,0.02631578947368421,0.0,0.0,0.0,0.0,0.015384615384615385,0.0
PPAtr,0.0,0.0,0.0,0.0,0.0,0.0,0.0,0.0,0.0,0.0
PPBNGS,0.0,0.0,0.05555555555555555,0.0,0.0,0.0,0.0,0.0,0.0,0.0
PPCDC,0.0,0.0,0.0,0.0,0.0,0.0,0.0,0.0,0.0,0.015151515151515152
PPCOAC,0.0,0.08333333333333333,0.16666666666666666,0.07894736842105263,0.0,0.7142857142857143,0.0,0.0,0.15384615384615385,0.19696969696969696
PPDIMAS,0.0,0.0,0.0,0.15789473684210525,0.0,0.14285714285714285,0.0,0.0,0.09230769230769231,0.07575757575757576
PPDIMAT,0.0,0.0,0.1111111111111111,0.05263157894736842,0.0,0.2857142857142857,0.25,0.0,0.0,0.0
PPDK,0.0,0.0,0.0,0.0,0.0,0.0,0.0,0.0,0.0,0.0
PPGKr,0.0,0.0,0.0,0.0,0.0,0.0,0.0,0.0,0.015384615384615385,0.015151515151515152
PPK2,0.0,0.0,0.0,0.0,0.0,0.0,0.25,0.0,0.015384615384615385,0.0
PPNCL3,0.0,0.0,0.0,0.0,0.0,0.0,0.0,0.0,0.0,0.015151515151515152
PPND,0.0,0.0,0.05555555555555555,0.10526315789473684,0.0,0.14285714285714285,0.0,0.0,0.06153846153846154,0.030303030303030304
PPNDH,0.0,0.0,0.0,0.0,0.0,0.0,0.0,0.0,0.0,0.0
PPPGO,0.0,0.0,0.0,0.0,0.0,0.0,0.0,0.0,0.0,0.0
PPTGS,0.0,0.0,0.0,0.02631578947368421,0.0,0.0,0.0,0.0,0.0,0.0
PPTGS_TB1,0.0,0.0,0.0,0.02631578947368421,0.0,0.0,0.0,0.0,0.0,0.0
PPTGS_TB2,0.0,0.0,0.0,0.02631578947368421,0.0,0.0,0.0,0.0,0.0,0.0
PRAGSr,0.0,0.0,0.0,0.02631578947368421,0.0,0.0,0.0,0.0,0.0,0.015151515151515152
PRAIS,0.0,0.0,0.05555555555555555,0.02631578947368421,0.0,0.0,0.0,0.0,0.015384615384615385,0.0
PRAIi,0.0,0.0,0.0,0.0,0.0,0.0,0.0,0.0,0.015384615384615385,0.015151515151515152
PRAMPC,0.0,0.0,0.0,0.0,0.0,0.0,0.0,0.0,0.015384615384615385,0.0
PRASCS,0.0,0.0,0.0,0.05263157894736842,0.0,0.14285714285714285,0.0,0.0,0.015384615384615385,0.015151515151515152
PRATPP,0.0,0.0,0.0,0.0,0.0,0.0,0.0,0.0,0.0,0.0
PRDX,0.0,0.0,0.0,0.0,0.0,0.0,0.0,0.0,0.0,0.0
PREPHACPH,0.0,0.0,0.0,0.02631578947368421,0.0,0.0,0.0,0.0,0.03076923076923077,0.015151515151515152
PREPPACPH,0.0,0.0,0.0,0.02631578947368421,0.0,0.0,0.0,0.0,0.03076923076923077,0.015151515151515152
PREPTHS,0.0,0.08333333333333333,0.0,0.02631578947368421,0.0,0.0,0.0,1.0,0.06153846153846154,0.030303030303030304
PREPTHS2,0.0,0.08333333333333333,0.0,0.02631578947368421,0.0,0.0,0.0,1.0,0.06153846153846154,0.030303030303030304
PREPTTA,0.0,0.0,0.0,0.0,0.0,0.0,0.0,0.0,0.0,0.0
PRFGS,0.0,0.0,0.0,0.02631578947368421,0.0,0.0,0.0,0.0,0.0,0.0
PRMICIi,0.0,0.0,0.0,0.0,0.0,0.0,0.0,0.0,0.015384615384615385,0.015151515151515152
PROD2,0.0,0.0,0.0,0.0,0.0,0.0,0.0,0.0,0.0,0.015151515151515152
PROabc,0.0,0.0,0.0,0.0,0.0,0.0,0.0,0.0,0.0,0.0
PROt2r,0.0,0.0,0.0,0.0,0.0,0.0,0.0,0.0,0.0,0.0
PRPPS,0.0,0.0,0.0,0.0,0.14285714285714285,0.0,0.0,0.0,0.03076923076923077,0.045454545454545456
PSCVT,0.0,0.0,0.0,0.0,0.0,0.0,0.0,0.0,0.0,0.0
PSD160,0.0,0.0,0.05555555555555555,0.07894736842105263,0.0,0.14285714285714285,0.0,0.0,0.015384615384615385,0.015151515151515152
PSERT,0.0,0.0,0.0,0.0,0.0,0.0,0.25,0.0,0.015384615384615385,0.0
PSP_L,0.0,0.0,0.0,0.07894736842105263,0.0,0.0,0.0,0.0,0.0,0.015151515151515152
PSSA160,0.0,0.0,0.0,0.0,0.0,0.0,0.0,0.0,0.0,0.0
PTAr,0.0,0.0,0.0,0.0,0.0,0.0,0.0,0.0,0.0,0.0
PTPATi,0.0,0.0,0.0,0.0,0.0,0.0,0.0,0.0,0.0,0.0
PUNP1,0.0,0.0,0.0,0.0,0.0,0.0,0.0,0.0,0.0,0.0
PUNP2,0.0,0.0,0.0,0.0,0.0,0.0,0.0,0.0,0.0,0.0
PUNP3,0.0,0.0,0.0,0.0,0.0,0.0,0.0,0.0,0.0,0.0
PUNP4,0.0,0.0,0.0,0.0,0.0,0.0,0.0,0.0,0.0,0.0
PUNP5,0.0,0.0,0.0,0.0,0.0,0.0,0.0,0.0,0.0,0.0
PUNP6,0.0,0.0,0.0,0.0,0.0,0.0,0.0,0.0,0.0,0.0
PUNP7,0.0,0.0,0.0,0.0,0.0,0.0,0.0,0.0,0.0,0.0
PYAM5PO,0.0,0.0,0.0,0.0,0.0,0.0,0.0,1.0,0.06153846153846154,0.015151515151515152
PYDXNO,0.0,0.0,0.0,0.0,0.0,0.0,0.0,0.0,0.0,0.0
PYDXO,0.0,0.0,0.0,0.0,0.0,0.0,0.0,0.0,0.0,0.0
PYK,0.0,0.0,0.05555555555555555,0.02631578947368421,0.0,0.14285714285714285,0.0,0.0,0.015384615384615385,0.030303030303030304
PYRDC,0.0,0.0,0.0,0.0,0.0,0.0,0.0,0.0,0.015384615384615385,0.0
PYRt2r,0.0,0.0,0.0,0.0,0.0,0.0,0.0,0.0,0.0,0.0
QRr,0.0,0.0,0.0,0.0,0.0,0.0,0.0,0.0,0.0,0.0
QULNS,0.5,0.08333333333333333,0.0,0.05263157894736842,0.0,0.0,0.0,0.0,0.015384615384615385,0.030303030303030304
R05217,0.0,0.0,0.0,0.0,0.0,0.0,0.0,0.0,0.0,0.0
R05219,0.0,0.0,0.0,0.0,0.0,0.0,0.0,0.0,0.0,0.0
R05224,0.0,0.0,0.0,0.0,0.0,0.0,0.0,0.0,0.0,0.0
RBFK,0.0,0.0,0.0,0.02631578947368421,0.0,0.0,0.0,0.0,0.0,0.0
RBFSa,0.0,0.0,0.05555555555555555,0.10526315789473684,0.0,0.0,0.0,0.0,0.015384615384615385,0.0
RBFSb,0.0,0.0,0.0,0.02631578947368421,0.0,0.0,0.0,0.0,0.03076923076923077,0.015151515151515152
RBK,0.0,0.0,0.0,0.0,0.0,0.0,0.0,0.0,0.0,0.0
RIBabc,0.0,0.0,0.05555555555555555,0.02631578947368421,0.0,0.14285714285714285,0.0,0.0,0.0,0.015151515151515152
RNDR1,0.0,0.0,0.0,0.0,0.0,0.0,0.0,0.0,0.046153846153846156,0.030303030303030304
RNDR2,0.0,0.0,0.0,0.0,0.0,0.0,0.0,0.0,0.046153846153846156,0.030303030303030304
RNDR3,0.0,0.0,0.0,0.0,0.0,0.0,0.0,0.0,0.046153846153846156,0.030303030303030304
RNDR4,0.0,0.0,0.0,0.0,0.0,0.0,0.0,0.0,0.046153846153846156,0.030303030303030304
RNTR4,0.0,0.0,0.0,0.0,0.0,0.0,0.0,0.0,0.0,0.0
RPE,0.0,0.0,0.0,0.0,0.0,0.0,0.0,0.0,0.0,0.0
RPI,0.0,0.0,0.0,0.0,0.0,0.0,0.0,0.0,0.0,0.015151515151515152
RPPDIMAS,0.0,0.0,0.0,0.0,0.0,0.0,0.0,0.0,0.0,0.0
RRPPDIMAS,0.0,0.0,0.16666666666666666,0.0,0.0,0.0,0.0,0.0,0.0,0.0
RZ5PP,0.5,0.0,0.05555555555555555,0.02631578947368421,0.14285714285714285,0.0,0.25,0.0,0.06153846153846154,0.045454545454545456
SADH,0.0,0.0,0.0,0.0,0.0,0.0,0.0,0.0,0.0,0.0
SADT,0.0,0.0,0.16666666666666666,0.02631578947368421,0.0,0.0,0.0,0.0,0.046153846153846156,0.07575757575757576
SDPDS,0.0,0.0,0.0,0.02631578947368421,0.0,0.0,0.0,0.0,0.015384615384615385,0.015151515151515152
SDPTA,0.0,0.0,0.0,0.0,0.0,0.0,0.0,0.0,0.015384615384615385,0.015151515151515152
SERAT,0.0,0.0,0.0,0.0,0.0,0.0,0.0,0.0,0.0,0.0
SERD_D,0.0,0.0,0.0,0.0,0.0,0.0,0.0,0.0,0.0,0.0
SERD_L,0.0,0.0,0.0,0.0,0.0,0.0,0.0,0.0,0.0,0.0
SERt2r,0.0,0.0,0.0,0.0,0.0,0.0,0.0,0.0,0.0,0.0
SGDS,0.0,0.0,0.0,0.0,0.0,0.0,0.0,0.0,0.0,0.0
SGSAD,0.0,0.0,0.0,0.0,0.0,0.0,0.0,0.0,0.0,0.0
SHCHD2,0.0,0.0,0.0,0.0,0.0,0.0,0.0,0.0,0.0,0.0
SHCHD3,0.0,0.0,0.0,0.0,0.0,0.0,0.0,0.0,0.0,0.0
SHCHF,0.0,0.0,0.0,0.0,0.0,0.0,0.0,0.0,0.0,0.0
SHK3Dr,0.0,0.0,0.0,0.0,0.0,0.0,0.0,0.0,0.0,0.0
SHKK,0.0,0.0,0.0,0.0,0.0,0.0,0.0,0.0,0.0,0.0
SHSL1r,0.0,0.0,0.05555555555555555,0.07894736842105263,0.0,0.14285714285714285,0.0,0.0,0.015384615384615385,0.015151515151515152
SHSL4r,0.0,0.0,0.05555555555555555,0.07894736842105263,0.0,0.14285714285714285,0.0,0.0,0.015384615384615385,0.015151515151515152
SKMt2,0.0,0.0,0.0,0.0,0.0,0.0,0.0,0.0,0.0,0.0
SOTA,0.0,0.0,0.0,0.0,0.0,0.0,0.0,0.0,0.0,0.0
SPMS,0.0,0.0,0.0,0.0,0.0,0.0,0.0,0.0,0.0,0.0
SPODM,0.5,0.08333333333333333,0.16666666666666666,0.07894736842105263,0.0,0.14285714285714285,0.0,0.0,0.06153846153846154,0.09090909090909091
SSALx,0.0,0.0,0.05555555555555555,0.02631578947368421,0.0,0.0,0.0,0.0,0.0,0.015151515151515152
SSALy,0.0,0.0,0.05555555555555555,0.02631578947368421,0.0,0.0,0.0,0.0,0.0,0.015151515151515152
SUCBZL,0.0,0.0,0.0,0.0,0.0,0.0,0.0,0.0,0.06153846153846154,0.0
SUCBZS,0.0,0.0,0.0,0.0,0.0,0.0,0.0,0.0,0.0,0.0
SUCCt2r,0.0,0.0,0.0,0.0,0.0,0.0,0.0,0.0,0.0,0.0
SUCD1i,0.5,0.08333333333333333,0.16666666666666666,0.05263157894736842,0.0,0.0,0.0,0.0,0.06153846153846154,0.09090909090909091
SUCOAS,0.0,0.08333333333333333,0.3333333333333333,0.3684210526315789,0.14285714285714285,0.7142857142857143,1.0,0.0,0.23076923076923078,0.18181818181818182
SULabc,0.0,0.0,0.0,0.0,0.0,0.0,0.0,0.0,0.0,0.0
TALA,0.0,0.0,0.0,0.0,0.0,0.14285714285714285,0.0,0.0,0.046153846153846156,0.045454545454545456
TARTD,0.0,0.0,0.0,0.0,0.0,0.0,0.0,0.0,0.0,0.0
TARTRt7,0.0,0.0,0.0,0.0,0.0,0.0,0.0,0.0,0.0,0.0
TATS,0.0,0.0,0.0,0.0,0.0,0.0,0.0,0.0,0.0,0.0
TDMS1,0.0,0.0,0.0,0.0,0.0,0.0,0.0,0.0,0.0,0.0
TDMS2,0.0,0.0,0.0,0.0,0.0,0.0,0.0,0.0,0.0,0.0
TDMS3,0.0,0.0,0.0,0.0,0.0,0.0,0.0,0.0,0.0,0.0
TDMS4,0.0,0.0,0.0,0.0,0.0,0.0,0.0,0.0,0.0,0.0
TDPDRE,0.0,0.0,0.16666666666666666,0.02631578947368421,0.0,0.0,0.0,0.0,0.03076923076923077,0.015151515151515152
TDPDRR,0.0,0.0,0.0,0.0,0.0,0.0,0.0,0.0,0.0,0.0
TDPGDH,0.0,0.0,0.05555555555555555,0.05263157894736842,0.0,0.0,0.0,0.0,0.06153846153846154,0.030303030303030304
THDPS,0.0,0.0,0.0,0.02631578947368421,0.0,0.0,0.0,0.0,0.0,0.0
THFGLUS,0.0,0.0,0.0,0.02631578947368421,0.0,0.0,0.0,0.0,0.015384615384615385,0.0
THMDP,0.0,0.0,0.0,0.0,0.0,0.0,0.0,0.0,0.0,0.0
THRD_Lr,0.0,0.0,0.1111111111111111,0.0,0.0,0.0,0.0,0.0,0.015384615384615385,0.015151515151515152
THRS,0.0,0.0,0.0,0.02631578947368421,0.0,0.42857142857142855,0.0,0.0,0.046153846153846156,0.0
THRt2r,0.0,0.0,0.0,0.0,0.0,0.0,0.0,0.0,0.0,0.015151515151515152
THZPSN,0.0,0.0,0.0,0.0,0.0,0.0,0.0,0.0,0.0,0.0
TKT1,0.0,0.0,0.0,0.05263157894736842,0.0,0.0,0.0,0.0,0.046153846153846156,0.015151515151515152
TKT2,0.0,0.0,0.0,0.05263157894736842,0.0,0.0,0.0,0.0,0.046153846153846156,0.015151515151515152
TMDK1,0.0,0.0,0.0,0.0,0.0,0.0,0.0,0.0,0.0,0.0
TMDPP,0.0,0.0,0.0,0.0,0.0,0.0,0.0,0.0,0.0,0.0
TMDS,0.0,0.0,0.0,0.0,0.0,0.0,0.0,0.0,0.0,0.0
TMHAS1,0.0,0.0,0.0,0.0,0.0,0.0,0.0,0.0,0.0,0.0
TMHAS2,0.0,0.0,0.0,0.0,0.0,0.0,0.0,0.0,0.0,0.0
TMHAS3,0.0,0.0,0.0,0.0,0.0,0.0,0.0,0.0,0.0,0.0
TMHAS4,0.0,0.0,0.0,0.0,0.0,0.0,0.0,0.0,0.0,0.0
TMHAS5,0.0,0.0,0.0,0.0,0.0,0.0,0.0,0.0,0.0,0.0
TMHAS6,0.0,0.0,0.0,0.0,0.0,0.0,0.0,0.0,0.0,0.0
TMN,0.0,0.0,0.0,0.0,0.0,0.0,0.0,0.0,0.0,0.0
TMPKr,0.0,0.0,0.0,0.0,0.0,0.0,0.0,0.0,0.0,0.0
TMPPP,0.0,0.0,0.0,0.0,0.0,0.0,0.0,0.0,0.0,0.0
TPI,0.0,0.0,0.0,0.0,0.0,0.0,0.0,0.0,0.0,0.015151515151515152
TRDR,0.0,0.0,0.05555555555555555,0.0,0.0,0.0,0.0,0.0,0.015384615384615385,0.030303030303030304
TRE6PP,0.0,0.0,0.0,0.0,0.0,0.0,0.0,0.0,0.0,0.0
TRE6PS,0.0,0.0,0.0,0.02631578947368421,0.0,0.0,0.0,0.0,0.0,0.0
TRESULT,0.0,0.0,0.0,0.05263157894736842,0.0,0.0,0.0,0.0,0.015384615384615385,0.015151515151515152
TREabc,0.0,0.0,0.05555555555555555,0.02631578947368421,0.0,0.14285714285714285,0.0,0.0,0.0,0.015151515151515152
TRIATS,0.0,0.0,0.0,0.0,0.0,0.0,0.0,0.0,0.0,0.0
TRPS1,0.0,0.0,0.0,0.02631578947368421,1.0,0.14285714285714285,0.0,0.0,0.0,0.030303030303030304
TRPS2,0.0,0.0,0.0,0.02631578947368421,1.0,0.14285714285714285,0.0,0.0,0.0,0.030303030303030304
TRPS3,0.0,0.0,0.0,0.02631578947368421,1.0,0.14285714285714285,0.0,0.0,0.0,0.030303030303030304
TRPTA,0.0,0.0,0.0,0.0,0.0,0.0,0.0,0.0,0.0,0.0
TRPt2r,0.0,0.0,0.0,0.0,0.0,0.0,0.0,0.0,0.0,0.0
TSULabc,0.0,0.0,0.0,0.0,0.0,0.0,0.0,0.0,0.0,0.0
TTDCAt2,0.0,0.0,0.0,0.0,0.0,0.0,0.0,0.0,0.0,0.0
TYRTA,0.0,0.0,0.0,0.0,0.0,0.0,0.0,0.0,0.0,0.0
TYRt2r,0.0,0.0,0.0,0.0,0.0,0.0,0.0,0.0,0.0,0.0
UAAGDS,0.0,0.0,0.0,0.0,0.0,0.0,0.0,0.0,0.0,0.015151515151515152
UAAGLS1,0.0,0.0,0.0,0.0,0.0,0.0,0.0,0.0,0.0,0.0
UAAGLS2,0.0,0.0,0.0,0.0,0.0,0.0,0.0,0.0,0.0,0.0
UAGCVT,0.0,0.0,0.0,0.02631578947368421,0.0,0.0,0.0,0.0,0.0,0.0
UAGDP,0.0,0.0,0.1111111111111111,0.02631578947368421,0.0,0.0,0.0,0.0,0.03076923076923077,0.06060606060606061
UAGPT1,0.0,0.0,0.0,0.05263157894736842,0.0,0.0,0.0,0.0,0.0,0.030303030303030304
UAGPT2,0.0,0.0,0.0,0.05263157894736842,0.0,0.0,0.0,0.0,0.0,0.030303030303030304
UAGPT3,0.0,0.0,0.0,0.05263157894736842,0.0,0.0,0.0,0.0,0.0,0.030303030303030304
UAMAGS,0.0,0.0,0.0,0.0,0.0,0.0,0.0,0.0,0.0,0.0
UAMAS,0.0,0.08333333333333333,0.0,0.02631578947368421,0.0,0.0,0.0,0.0,0.015384615384615385,0.015151515151515152
UAMRH,0.0,0.0,0.0,0.0,0.0,0.0,0.0,0.0,0.0,0.0
UAPGR,0.0,0.0,0.0,0.0,0.0,0.14285714285714285,0.0,0.0,0.0,0.0
UDCPDP,0.0,0.0,0.0,0.0,0.0,0.0,0.0,0.0,0.0,0.0
UDCPDPS,0.0,0.0,0.0,0.0,0.0,0.0,0.0,0.0,0.0,0.0
UDPDPS,0.0,0.0,0.05555555555555555,0.02631578947368421,0.0,0.0,0.0,0.0,0.015384615384615385,0.015151515151515152
UDPDPS2,0.0,0.0,0.05555555555555555,0.02631578947368421,0.0,0.0,0.0,0.0,0.015384615384615385,0.015151515151515152
UDPG4E,0.0,0.0,0.0,0.0,0.0,0.0,0.0,0.0,0.015384615384615385,0.015151515151515152
UDPGALM,0.0,0.0,0.0,0.02631578947368421,0.0,0.0,0.0,0.0,0.0,0.015151515151515152
UDPGD,0.0,0.0,0.0,0.0,0.0,0.0,0.0,0.0,0.0,0.0
UGAGDS,0.0,0.0,0.0,0.0,0.0,0.0,0.0,0.0,0.0,0.015151515151515152
UGGPT3,0.0,0.0,0.0,0.05263157894736842,0.0,0.0,0.0,0.0,0.0,0.030303030303030304
UGLDDS1,0.0,0.0,0.0,0.0,0.0,0.0,0.0,0.0,0.015384615384615385,0.06060606060606061
UGLDDS2,0.0,0.0,0.0,0.0,0.0,0.0,0.0,0.0,0.015384615384615385,0.06060606060606061
UGMAGS,0.0,0.0,0.0,0.0,0.0,0.0,0.0,0.0,0.0,0.0
UGMAS,0.0,0.08333333333333333,0.0,0.02631578947368421,0.0,0.0,0.0,0.0,0.015384615384615385,0.015151515151515152
UGMDDS,0.0,0.0,0.0,0.0,0.0,0.0,0.0,0.0,0.015384615384615385,0.06060606060606061
UGMDDS2,0.0,0.0,0.0,0.0,0.0,0.0,0.0,0.0,0.015384615384615385,0.06060606060606061
UMPK,0.0,0.0,0.05555555555555555,0.05263157894736842,0.0,0.0,0.0,0.0,0.015384615384615385,0.030303030303030304
UPP3MT,0.0,0.0,0.0,0.0,0.0,0.0,0.0,0.0,0.0,0.0
UPP3S,0.0,0.0,0.05555555555555555,0.07894736842105263,0.0,0.0,0.0,0.0,0.13846153846153847,0.09090909090909091
UPPDC1,0.0,0.0,0.0,0.0,0.0,0.0,0.0,0.0,0.0,0.0
UPPDC2,0.0,0.0,0.0,0.0,0.0,0.0,0.0,0.0,0.0,0.0
UPPRT,0.0,0.0,0.0,0.0,0.0,0.0,0.0,0.0,0.0,0.0
UREA,0.0,0.0,0.0,0.02631578947368421,0.0,0.0,0.0,0.0,0.0,0.030303030303030304
URIDK2r,0.0,0.0,0.0,0.0,0.0,0.0,0.0,0.0,0.0,0.0
URIK2,0.0,0.0,0.0,0.0,0.0,0.0,0.0,0.0,0.0,0.0
VALTA,0.0,0.16666666666666666,0.16666666666666666,0.02631578947368421,0.0,0.14285714285714285,0.0,0.0,0.06153846153846154,0.030303030303030304
VALt2r,0.0,0.0,0.0,0.0,0.0,0.0,0.0,0.0,0.0,0.0
XPPT,0.0,0.0,0.0,0.0,0.0,0.0,0.0,0.0,0.0,0.0
XYLK,0.0,0.0,0.0,0.0,0.0,0.0,0.0,0.0,0.0,0.0
YUMPS,0.0,0.0,0.0,0.0,0.0,0.0,0.0,0.0,0.0,0.0
S7PI,0.0,0.0,0.0,0.0,0.0,0.0,0.0,0.0,0.0,0.0
GMHEPK,0.0,0.0,0.0,0.0,0.0,0.0,0.0,0.0,0.0,0.0
HMEDS,0.0,0.0,0.1111111111111111,0.0,0.0,0.42857142857142855,0.0,0.0,0.046153846153846156,0.030303030303030304
HMEDR,0.0,0.08333333333333333,0.0,0.02631578947368421,0.0,0.2857142857142857,0.0,0.0,0.03076923076923077,0.015151515151515152
FRTT,0.0,0.0,0.0,0.0,0.0,0.0,0.0,0.0,0.0,0.0
2MCD,0.0,0.0,0.0,0.0,0.0,0.0,0.0,0.0,0.0,0.0
2MCS,0.0,0.0,0.0,0.0,0.0,0.0,0.0,0.0,0.0,0.0
2MID,0.0,0.0,0.0,0.05263157894736842,0.0,0.14285714285714285,0.0,0.0,0.06153846153846154,0.07575757575757576
2MIL,0.0,0.0,0.1111111111111111,0.02631578947368421,0.0,0.2857142857142857,0.0,0.0,0.046153846153846156,0.09090909090909091
Gln_LT,0.0,0.08333333333333333,0.0,0.02631578947368421,0.0,0.0,0.0,0.0,0.015384615384615385,0.015151515151515152
TREP,0.0,0.0,0.0,0.0,0.0,0.0,0.0,0.0,0.0,0.0
HDECH,0.0,0.0,0.0,0.0,0.0,0.0,0.0,0.0,0.0,0.0
DTBTST,0.0,0.08333333333333333,0.05555555555555555,0.05263157894736842,0.0,0.0,0.0,0.0,0.046153846153846156,0.045454545454545456
IPDPUDCT,0.0,0.0,0.05555555555555555,0.02631578947368421,0.0,0.0,0.0,0.0,0.015384615384615385,0.015151515151515152
ACHMSSH,0.0,0.0,0.0,0.0,0.0,0.0,0.0,0.0,0.0,0.0
PDBL_1,0.0,0.0,0.05555555555555555,0.02631578947368421,0.0,0.0,0.0,0.0,0.03076923076923077,0.015151515151515152
PDBL_2,0.0,0.0,0.05555555555555555,0.02631578947368421,0.0,0.0,0.0,0.0,0.03076923076923077,0.015151515151515152
PDBL_3,0.0,0.0,0.05555555555555555,0.02631578947368421,0.0,0.0,0.0,0.0,0.03076923076923077,0.015151515151515152
PDBL_4,0.0,0.0,0.05555555555555555,0.02631578947368421,0.0,0.0,0.0,0.0,0.03076923076923077,0.015151515151515152
EX_ni2,0.0,0.0,0.0,0.0,0.0,0.0,0.0,0.0,0.0,0.0
Ni2t,0.0,0.0,0.0,0.0,0.0,0.0,0.0,0.0,0.0,0.0
EX_mn2,0.0,0.0,0.0,0.0,0.0,0.0,0.0,0.0,0.0,0.0
Mn2t,0.0,0.0,0.0,0.0,0.0,0.0,0.0,0.0,0.0,0.0
2O4EH,0.0,0.0,0.0,0.0,0.0,0.0,0.0,0.0,0.0,0.0
G6PDH,0.0,0.0,0.0,0.0,0.0,0.0,0.0,0.0,0.0,0.0
2PLS,0.0,0.0,0.0,0.0,0.0,0.0,0.0,0.0,0.0,0.0
LPPGS,0.0,0.0,0.0,0.0,0.0,0.0,0.0,0.0,0.0,0.0
DMHDRFS,0.0,0.0,0.0,0.0,0.0,0.0,0.0,0.0,0.0,0.0
LPFPLT,0.0,0.0,0.0,0.0,0.0,0.0,0.0,0.0,0.0,0.045454545454545456
GF4GL_0,0.0,0.0,0.0,0.0,0.0,0.0,0.0,0.0,0.0,0.015151515151515152
GF4GL_1,0.0,0.0,0.0,0.0,0.0,0.0,0.0,0.0,0.0,0.045454545454545456
MBP_1,0.0,0.0,0.0,0.0,0.0,0.0,0.0,0.0,0.0,0.0
FAD_1,0.5,0.5,1.0,1.0,0.2857142857142857,0.5714285714285714,0.0,1.0,0.7538461538461538,1.0
FAD_2,0.5,0.5,1.0,1.0,0.2857142857142857,0.5714285714285714,0.0,1.0,0.7538461538461538,1.0
FAD_3,0.5,0.5,1.0,1.0,0.2857142857142857,0.5714285714285714,0.0,1.0,0.7538461538461538,1.0
FAD_4,0.5,0.5,1.0,1.0,0.2857142857142857,0.5714285714285714,0.0,1.0,0.7538461538461538,1.0
FAD_5,0.5,0.5,1.0,1.0,0.2857142857142857,0.5714285714285714,0.0,1.0,0.7538461538461538,1.0
FAD_6,0.5,0.5,1.0,1.0,0.2857142857142857,0.5714285714285714,0.0,1.0,0.7538461538461538,1.0
FAD_7,0.5,0.5,1.0,1.0,0.2857142857142857,0.5714285714285714,0.0,1.0,0.7538461538461538,1.0
FAD_8,0.5,0.5,1.0,1.0,0.2857142857142857,0.5714285714285714,0.0,1.0,0.7538461538461538,1.0
FAD_9,0.5,0.5,1.0,1.0,0.2857142857142857,0.5714285714285714,0.0,1.0,0.7538461538461538,1.0
FAD_10,0.5,0.5,1.0,1.0,0.2857142857142857,0.5714285714285714,0.0,1.0,0.7538461538461538,1.0
FAD_11,0.5,0.5,1.0,1.0,0.2857142857142857,0.5714285714285714,0.0,1.0,0.7538461538461538,1.0
FAD_12,0.5,0.5,1.0,1.0,0.2857142857142857,0.5714285714285714,0.0,1.0,0.7538461538461538,1.0
FAD_13,0.5,0.5,1.0,1.0,0.2857142857142857,0.5714285714285714,0.0,1.0,0.7538461538461538,1.0
FAD_14,0.5,0.5,1.0,1.0,0.2857142857142857,0.5714285714285714,0.0,1.0,0.7538461538461538,1.0
FAD_15,0.5,0.5,1.0,1.0,0.2857142857142857,0.5714285714285714,0.0,1.0,0.7538461538461538,1.0
FAD_16,0.5,0.5,1.0,1.0,0.2857142857142857,0.5714285714285714,0.0,1.0,0.7538461538461538,1.0
FAD_17,0.5,0.5,1.0,1.0,0.2857142857142857,0.5714285714285714,0.0,1.0,0.7538461538461538,1.0
FAD_18,0.5,0.5,1.0,1.0,0.2857142857142857,0.5714285714285714,0.0,1.0,0.7538461538461538,1.0
FAD_19,0.5,0.5,1.0,1.0,0.2857142857142857,0.5714285714285714,0.0,1.0,0.7538461538461538,1.0
FAD_20,0.5,0.5,1.0,1.0,0.2857142857142857,0.5714285714285714,0.0,1.0,0.7538461538461538,1.0
FAD_21,0.5,0.5,1.0,1.0,0.2857142857142857,0.5714285714285714,0.0,1.0,0.7538461538461538,1.0
FAD_22,0.5,0.5,1.0,1.0,0.2857142857142857,0.5714285714285714,0.0,1.0,0.7538461538461538,1.0
FAD_23,0.5,0.5,1.0,1.0,0.2857142857142857,0.5714285714285714,0.0,1.0,0.7538461538461538,1.0
FAD_24,0.5,0.5,1.0,1.0,0.2857142857142857,0.5714285714285714,0.0,1.0,0.7538461538461538,1.0
FAD_25,0.5,0.5,1.0,1.0,0.2857142857142857,0.5714285714285714,0.0,1.0,0.7538461538461538,1.0
FAD_26,0.5,0.5,1.0,1.0,0.2857142857142857,0.5714285714285714,0.0,1.0,0.7538461538461538,1.0
FAD_27,0.5,0.5,1.0,1.0,0.2857142857142857,0.5714285714285714,0.0,1.0,0.7538461538461538,1.0
3HIBD,0.0,0.0,0.0,0.0,0.0,0.0,0.0,0.0,0.015384615384615385,0.015151515151515152
ALDR,0.0,0.0,0.0,0.0,0.0,0.0,0.0,0.0,0.0,0.0
AL4D,0.0,0.0,0.0,0.0,0.0,0.0,0.0,0.0,0.0,0.0
MANT1,0.0,0.0,0.0,0.0,0.0,0.0,0.0,0.0,0.0,0.0
ARABT,0.0,0.0,0.0,0.0,0.0,0.0,0.0,0.0,0.0,0.0
HOAS,0.0,0.0,0.0,0.05263157894736842,0.0,0.0,0.0,0.0,0.046153846153846156,0.07575757575757576
SR1,0.0,0.0,0.0,0.0,0.0,0.0,0.0,0.0,0.0,0.0
SR2,0.0,0.0,0.0,0.0,0.0,0.0,0.0,0.0,0.0,0.0
MR,0.0,0.0,0.0,0.0,0.0,0.0,0.0,0.0,0.0,0.0
GLYCS_I,0.5,0.0,0.0,0.0,0.0,0.0,0.0,0.0,0.03076923076923077,0.015151515151515152
GLYCS_II,0.0,0.0,0.0,0.05263157894736842,0.0,0.0,0.0,0.0,0.015384615384615385,0.015151515151515152
LALDD,0.0,0.0,0.0,0.0,0.0,0.0,0.0,0.0,0.0,0.0
CYST_II,0.0,0.0,0.0,0.0,0.0,0.0,0.0,0.0,0.0,0.0
FUSA1,0.5,0.3333333333333333,0.1111111111111111,0.05263157894736842,0.0,0.0,0.0,0.5,0.09230769230769231,0.09090909090909091
ISCS,0.0,0.0,0.0,0.0,0.0,0.0,0.0,0.0,0.0,0.015151515151515152
GLYTRS,0.0,0.0,0.0,0.0,0.0,0.0,0.0,0.0,0.0,0.0
SELCYSS,0.0,0.0,0.0,0.0,0.0,0.0,0.0,0.0,0.0,0.0
TYRTRS,0.0,0.0,0.0,0.0,0.0,0.0,0.0,0.0,0.0,0.0
ECHA20,0.0,0.0,0.0,0.0,0.0,0.0,0.0,0.0,0.0,0.0
CHOL1,0.0,0.0,0.0,0.0,0.0,0.0,0.0,0.0,0.0,0.0
FADE282,0.0,0.0,0.0,0.0,0.0,0.0,0.0,0.0,0.0,0.0
HOPNTAL2,0.0,0.0,0.0,0.0,0.0,0.0,0.0,0.0,0.0,0.0
ECHA192,0.0,0.0,0.0,0.0,0.0,0.0,0.0,0.0,0.0,0.0
HSA,0.0,0.0,0.0,0.0,0.0,0.0,0.0,0.0,0.0,0.015151515151515152
FADB3,0.0,0.08333333333333333,0.05555555555555555,0.0,0.0,0.14285714285714285,0.0,0.0,0.015384615384615385,0.0
FADB2,0.0,0.08333333333333333,0.05555555555555555,0.0,0.0,0.14285714285714285,0.0,0.0,0.015384615384615385,0.0
CHCD,0.0,0.0,0.0,0.0,0.0,0.0,0.0,0.0,0.0,0.0
HDAD,0.0,0.0,0.0,0.0,0.0,0.2857142857142857,0.0,0.0,0.0,0.015151515151515152
CHOD,0.0,0.0,0.0,0.02631578947368421,0.0,0.0,0.0,0.0,0.0,0.045454545454545456
3HSA,0.0,0.0,0.0,0.0,0.0,0.0,0.0,0.0,0.0,0.0
HSAC,0.0,0.0,0.0,0.0,0.0,0.0,0.0,0.0,0.0,0.0
HSAE,0.0,0.0,0.0,0.0,0.0,0.0,0.0,0.0,0.0,0.0
HIAA,0.0,0.0,0.0,0.0,0.0,0.0,0.0,0.0,0.0,0.0
IPDAB,0.0,0.0,0.0,0.0,0.0,0.0,0.0,0.0,0.0,0.0
KSH,0.0,0.08333333333333333,0.0,0.05263157894736842,0.0,0.0,0.0,0.0,0.06153846153846154,0.045454545454545456
ECHA193,0.0,0.0,0.0,0.0,0.0,0.0,0.0,0.0,0.0,0.0
CYP1,0.0,0.0,0.0,0.0,0.0,0.0,0.0,0.0,0.015384615384615385,0.0
HIPB,0.0,0.0,0.0,0.0,0.0,0.0,0.0,0.0,0.0,0.0
HIPA,0.0,0.0,0.0,0.0,0.0,0.0,0.0,0.0,0.0,0.0
CHOLCOA,0.0,0.0,0.05555555555555555,0.0,0.0,0.0,0.0,0.0,0.0,0.0
ECHA191,0.0,0.0,0.0,0.0,0.0,0.0,0.0,0.0,0.0,0.0
FADE30,0.0,0.0,0.0,0.0,0.0,0.0,0.0,0.0,0.0,0.015151515151515152
CYP3,0.0,0.0,0.0,0.0,0.0,0.0,0.0,0.0,0.015384615384615385,0.0
CYP2,0.0,0.0,0.0,0.0,0.0,0.0,0.0,0.0,0.015384615384615385,0.0
PRCOA1,0.0,0.0,0.0,0.0,0.0,0.0,0.0,0.0,0.0,0.0
FADE281,0.0,0.0,0.0,0.0,0.0,0.0,0.0,0.0,0.0,0.0
FADD3,0.0,0.0,0.0,0.0,0.0,0.0,0.0,0.0,0.0,0.0
KSTD,0.0,0.0,0.0,0.0,0.0,0.0,0.0,0.0,0.015384615384615385,0.030303030303030304
FADD17,0.0,0.08333333333333333,0.0,0.0,0.0,0.0,0.0,0.0,0.0,0.015151515151515152
FADE51,0.0,0.0,0.05555555555555555,0.02631578947368421,0.0,0.0,0.0,0.0,0.015384615384615385,0.015151515151515152
FADE52,0.0,0.0,0.05555555555555555,0.02631578947368421,0.0,0.0,0.0,0.0,0.015384615384615385,0.030303030303030304
HIAt,0.0,0.0,0.0,0.0,0.0,0.0,0.0,0.0,0.0,0.0
MACCOAT,0.0,0.08333333333333333,0.1111111111111111,0.07894736842105263,0.0,0.0,0.0,1.0,0.046153846153846156,0.09090909090909091
ACCOAC,0.5,0.16666666666666666,0.05555555555555555,0.10526315789473684,0.0,0.14285714285714285,0.0,0.0,0.1076923076923077,0.16666666666666666
CHSTEROLt,0.0,0.0,0.0,0.0,0.0,0.0,0.0,0.0,0.0,0.0
EX_chsterol,0.0,0.0,0.0,0.0,0.0,0.0,0.0,0.0,0.0,0.0
MOEA1,0.0,0.3333333333333333,0.05555555555555555,0.07894736842105263,0.0,0.0,0.0,0.0,0.015384615384615385,0.045454545454545456
MPTAT,0.0,0.0,0.0,0.0,0.0,0.0,0.0,0.0,0.0,0.0
MOBA,0.0,0.0,0.0,0.02631578947368421,0.0,0.14285714285714285,0.0,0.0,0.0,0.015151515151515152
MOAE1,0.0,0.0,0.0,0.02631578947368421,0.0,0.14285714285714285,0.0,0.0,0.046153846153846156,0.015151515151515152
MOEB1,0.0,0.0,0.0,0.02631578947368421,0.0,0.0,0.0,0.0,0.015384615384615385,0.015151515151515152
MOBDabc,0.0,0.0,0.0,0.0,0.0,0.0,0.0,0.0,0.0,0.0
MOBDabc_rev,0.0,0.0,0.0,0.0,0.0,0.0,0.0,0.0,0.0,0.0
PHBADA,0.0,0.0,0.0,0.0,0.0,0.0,0.0,0.0,0.0,0.0
PHBADB,0.0,0.0,0.0,0.0,0.0,0.0,0.0,0.0,0.0,0.0
PHBADC,0.0,0.0,0.16666666666666666,0.0,0.0,0.0,0.0,0.0,0.0,0.0
PHBADD,0.0,0.0,0.0,0.0,0.0,0.0,0.0,0.0,0.0,0.0
INO1,0.0,0.08333333333333333,0.05555555555555555,0.07894736842105263,0.0,0.0,0.0,0.0,0.1076923076923077,0.09090909090909091
NAGINSP,0.0,0.0,0.0,0.0,0.0,0.0,0.0,0.0,0.0,0.015151515151515152
NAGINS,0.0,0.0,0.0,0.0,0.0,0.0,0.0,0.0,0.0,0.0
LAT,0.0,0.0,0.0,0.0,0.0,0.0,0.0,0.0,0.0,0.0
KGD2,0.0,0.08333333333333333,0.1111111111111111,0.10526315789473684,0.0,0.0,0.0,0.0,0.12307692307692308,0.15151515151515152
ASPO6,0.0,0.0,0.0,0.0,0.0,0.0,0.0,0.0,0.015384615384615385,0.0
ECOAH12,0.5,0.08333333333333333,0.1111111111111111,0.13157894736842105,0.14285714285714285,0.0,0.0,0.0,0.06153846153846154,0.030303030303030304
FADE233,0.0,0.0,0.05555555555555555,0.07894736842105263,0.0,0.0,0.0,0.0,0.06153846153846154,0.07575757575757576
BKDC,0.0,0.0,0.0,0.02631578947368421,0.0,0.14285714285714285,0.0,0.0,0.015384615384615385,0.015151515151515152
BKDA2,0.0,0.0,0.0,0.0,0.0,0.0,0.0,0.0,0.0,0.015151515151515152
3HBCOAHL,0.0,0.08333333333333333,0.0,0.05263157894736842,0.0,0.14285714285714285,0.0,0.0,0.015384615384615385,0.06060606060606061
AKGDa,0.0,0.0,0.0,0.05263157894736842,0.0,0.0,0.0,0.0,0.046153846153846156,0.07575757575757576
ACt2r,0.0,0.0,0.0,0.0,0.0,0.0,0.0,0.0,0.0,0.0
EX_4hba,0.0,0.0,0.0,0.0,0.0,0.0,0.0,0.0,0.0,0.0
4HBAt,0.0,0.0,0.0,0.0,0.0,0.0,0.0,0.0,0.0,0.0
4ABZt,0.0,0.0,0.0,0.0,0.0,0.0,0.0,0.0,0.0,0.0
CHLabc_rev,0.0,0.0,0.0,0.0,0.0,0.0,0.0,0.0,0.0,0.0
GCALDD,0.0,0.0,0.0,0.0,0.0,0.0,0.0,0.0,0.0,0.0
PYDXNtr,0.0,0.0,0.0,0.0,0.0,0.0,0.0,0.0,0.0,0.0
EX_pydxn,0.0,0.0,0.0,0.0,0.0,0.0,0.0,0.0,0.0,0.0
GLYALDDr,0.0,0.08333333333333333,0.1111111111111111,0.02631578947368421,0.0,0.0,0.0,0.0,0.015384615384615385,0.030303030303030304
FORt,0.0,0.0,0.0,0.0,0.0,0.0,0.0,0.0,0.0,0.0
GLYCLTt,0.0,0.0,0.0,0.0,0.0,0.0,0.0,0.0,0.0,0.0
EX_glyclt,0.0,0.0,0.0,0.0,0.0,0.0,0.0,0.0,0.0,0.0
NO3t2,0.0,0.0,0.0,0.0,0.0,0.0,0.0,0.0,0.0,0.0
ROSFE,0.0,0.0,0.0,0.0,0.0,0.0,0.0,0.0,0.0,0.0
MNabc_rev,0.0,0.0,0.0,0.0,0.0,0.0,0.0,0.0,0.015384615384615385,0.0
COBC,0.0,0.0,0.0,0.02631578947368421,0.0,0.0,0.0,0.5,0.0,0.015151515151515152
ADOCBLabc,0.0,0.0,0.0,0.0,0.0,0.0,0.0,0.0,0.0,0.0
COB2,0.0,0.0,0.0,0.0,0.0,0.0,0.0,0.0,0.0,0.0
CBL2OR,0.0,0.0,0.0,0.0,0.0,0.0,0.0,0.0,0.0,0.0
DRBK,0.0,0.0,0.0,0.0,0.0,0.0,0.0,0.0,0.0,0.0
5DOAN,0.0,0.0,0.0,0.0,0.0,0.0,0.0,0.0,0.0,0.0
AKGt2r,0.0,0.0,0.0,0.0,0.0,0.0,0.0,0.0,0.0,0.0
EX_co,0.0,0.0,0.0,0.0,0.0,0.0,0.0,0.0,0.0,0.0
PHEMEt,0.5,0.16666666666666666,0.1111111111111111,0.18421052631578946,0.14285714285714285,0.0,0.0,0.0,0.046153846153846156,0.10606060606060606
EX_pheme,0.0,0.0,0.0,0.0,0.0,0.0,0.0,0.0,0.0,0.0
HEMEOS,0.0,0.0,0.0,0.0,0.0,0.0,0.0,0.0,0.0,0.0
HEMEAS_1,0.5,0.08333333333333333,0.2777777777777778,0.3684210526315789,0.0,0.0,0.25,0.0,0.18461538461538463,0.16666666666666666
GSEALD,0.0,0.0,0.0,0.0,0.0,0.0,0.0,0.0,0.0,0.0
CPPPGO2,0.0,0.0,0.0,0.0,0.0,0.0,0.0,0.0,0.0,0.0
EX_hia,0.0,0.0,0.0,0.0,0.0,0.0,0.0,0.0,0.0,0.0
L_LACDcm,0.0,0.0,0.1111111111111111,0.07894736842105263,0.0,0.0,0.25,0.0,0.046153846153846156,0.045454545454545456
FPRA,0.0,0.0,0.0,0.0,0.0,0.0,0.0,0.0,0.0,0.0
COCO2,0.0,0.0,0.0,0.0,0.0,0.0,0.0,0.0,0.0,0.0
ACALDt,0.0,0.0,0.0,0.0,0.0,0.0,0.0,0.0,0.0,0.0
EX_acald,0.0,0.0,0.0,0.0,0.0,0.0,0.0,0.0,0.0,0.0
NMO,0.0,0.08333333333333333,0.05555555555555555,0.07894736842105263,0.0,0.0,0.0,0.0,0.03076923076923077,0.030303030303030304
OCDCEAt,0.0,0.0,0.0,0.0,0.0,0.0,0.0,0.0,0.0,0.0
EX_ocdcea,0.0,0.0,0.0,0.0,0.0,0.0,0.0,0.0,0.0,0.0
UREAt,0.0,0.0,0.0,0.0,0.0,0.0,0.0,0.0,0.0,0.0
PAPA1,0.0,0.0,0.0,0.0,0.0,0.0,0.0,0.0,0.0,0.0
PAPA2,0.0,0.0,0.0,0.0,0.0,0.0,0.0,0.0,0.0,0.015151515151515152
MMPL8,0.0,0.0,0.0,0.0,0.0,0.0,0.0,0.0,0.0,0.0
PKS2,0.0,0.16666666666666666,0.0,0.0,0.0,0.0,0.0,0.0,0.015384615384615385,0.030303030303030304
MAS3,0.0,0.0,0.05555555555555555,0.07894736842105263,0.0,0.0,0.0,0.0,0.09230769230769231,0.045454545454545456
EX_gln_L,0.0,0.0,0.0,0.0,0.0,0.0,0.0,0.0,0.0,0.0
SIRA2,0.0,0.0,0.05555555555555555,0.02631578947368421,0.0,0.0,0.0,0.0,0.03076923076923077,0.07575757575757576
APSR,0.0,0.0,0.05555555555555555,0.0,0.14285714285714285,0.0,0.0,0.5,0.015384615384615385,0.030303030303030304
SHSL2r,0.0,0.0,0.0,0.0,0.0,0.0,0.0,0.0,0.015384615384615385,0.045454545454545456
CYSK2_I,0.0,0.0,0.0,0.0,0.0,0.0,0.0,0.0,0.0,0.0
CYSM_I,0.0,0.0,0.0,0.0,0.0,0.0,0.0,0.0,0.0,0.0
CYSM_II,1.0,0.08333333333333333,0.1111111111111111,0.05263157894736842,0.0,0.14285714285714285,0.0,0.5,0.03076923076923077,0.030303030303030304
CYSO_I,0.0,0.0,0.0,0.02631578947368421,0.0,0.0,0.0,0.0,0.015384615384615385,0.015151515151515152
CYSO_II,0.0,0.0,0.0,0.02631578947368421,0.0,0.0,0.0,0.0,0.015384615384615385,0.015151515151515152
THMP,0.0,0.0,0.0,0.0,0.0,0.0,0.0,0.0,0.0,0.0
VIUB,0.0,0.0,0.0,0.0,0.0,0.0,0.0,0.0,0.0,0.0
MBTK3,0.0,0.0,0.0,0.0,0.0,0.0,0.0,0.0,0.0,0.0
MBTG,0.0,0.0,0.0,0.0,0.0,0.0,0.0,0.0,0.0,0.0
MBTA3,0.0,0.0,0.0,0.02631578947368421,0.0,0.0,0.0,0.0,0.015384615384615385,0.045454545454545456
ALCD2x,0.5,0.08333333333333333,0.16666666666666666,0.15789473684210525,0.0,0.14285714285714285,0.0,0.0,0.06153846153846154,0.12121212121212122
ETOHt2r,0.0,0.0,0.0,0.0,0.0,0.0,0.0,0.0,0.0,0.0
EX_etoh,0.0,0.0,0.0,0.0,0.0,0.0,0.0,0.0,0.0,0.0
MTAP,0.0,0.0,0.0,0.0,0.0,0.0,0.0,0.0,0.0,0.0
PKS122,0.0,0.0,0.0,0.0,0.0,0.0,0.0,0.0,0.0,0.0
PKS121,0.0,0.0,0.0,0.0,0.0,0.0,0.0,0.0,0.0,0.0
ORNDC,0.0,0.0,0.0,0.0,0.0,0.0,0.0,0.0,0.0,0.0
MBTA1,0.0,0.0,0.0,0.02631578947368421,0.0,0.0,0.0,0.0,0.015384615384615385,0.045454545454545456
HACD9,0.0,0.08333333333333333,0.1111111111111111,0.10526315789473684,0.0,0.0,0.0,0.0,0.03076923076923077,0.030303030303030304
ECOAH9ir,0.5,0.08333333333333333,0.1111111111111111,0.13157894736842105,0.14285714285714285,0.0,0.0,0.0,0.06153846153846154,0.030303030303030304
OIVD3,0.0,0.0,0.05555555555555555,0.07894736842105263,0.0,0.0,0.0,0.0,0.06153846153846154,0.07575757575757576
BKDC1,0.0,0.0,0.0,0.02631578947368421,0.0,0.14285714285714285,0.0,0.0,0.015384615384615385,0.015151515151515152
MAK,0.0,0.08333333333333333,0.0,0.0,0.0,0.0,0.0,0.0,0.0,0.0
GLGE,0.0,0.0,0.0,0.02631578947368421,0.0,0.0,0.0,0.0,0.015384615384615385,0.015151515151515152
TREY,0.0,0.0,0.0,0.02631578947368421,0.0,0.0,0.0,0.0,0.0,0.030303030303030304
GLGB,0.0,0.0,0.0,0.0,0.0,0.0,0.0,0.0,0.0,0.030303030303030304
GLGP,0.0,0.0,0.0,0.0,0.0,0.0,0.0,0.0,0.046153846153846156,0.0
AMYL2,0.0,0.0,0.0,0.0,0.0,0.0,0.0,0.0,0.0,0.0
PYRD1,0.0,0.0,0.0,0.0,0.0,0.0,0.0,0.0,0.0,0.0
SHCHCS3,0.0,0.0,0.0,0.0,0.0,0.0,0.0,0.0,0.015384615384615385,0.0
SEPHCHCS,0.0,0.0,0.0,0.0,0.0,0.0,0.0,0.0,0.015384615384615385,0.0
SALSYN,0.0,0.0,0.0,0.0,0.0,0.0,0.0,0.0,0.0,0.0
APRO,0.0,0.0,0.0,0.0,0.0,0.0,0.0,0.0,0.0,0.0
AOBUTDs,0.0,0.0,0.0,0.0,0.0,0.0,0.0,0.0,0.0,0.0
THRD,0.0,0.0,0.0,0.0,0.0,0.0,0.0,0.0,0.046153846153846156,0.0
EX_adocbl,0.0,0.0,0.0,0.0,0.0,0.0,0.0,0.0,0.0,0.0
DMBI,0.0,0.0,0.0,0.0,0.0,0.0,0.0,0.0,0.0,0.0
BARB,0.0,0.0,0.0,0.0,0.0,0.0,0.0,0.0,0.0,0.0
HETZK,0.0,0.0,0.0,0.0,0.0,0.0,0.0,0.0,0.0,0.0
PYDXNK,0.0,0.0,0.0,0.0,0.0,0.0,0.0,0.0,0.0,0.0
EX_mobd,0.0,0.0,0.0,0.0,0.0,0.0,0.0,0.0,0.0,0.0
TBSYNLDPS,0.0,0.0,0.0,0.0,0.0,0.0,0.0,0.0,0.0,0.0
TBSNLS1,0.0,0.0,0.0,0.0,0.0,0.0,0.0,0.0,0.0,0.0
TBSNLS2,0.0,0.0,0.0,0.0,0.0,0.0,0.0,0.0,0.0,0.0
TBSNLS3,0.0,0.0,0.0,0.0,0.0,0.0,0.0,0.0,0.0,0.0
BKDA1,0.0,0.0,0.0,0.0,0.0,0.0,0.0,0.0,0.0,0.015151515151515152
BPNT2,0.0,0.0,0.1111111111111111,0.02631578947368421,0.0,0.0,0.0,0.0,0.046153846153846156,0.030303030303030304
GLPD2,0.0,0.0,0.0,0.0,0.0,0.0,0.0,0.0,0.0,0.015151515151515152
G3PD1ir,0.0,0.0,0.05555555555555555,0.02631578947368421,0.0,0.0,0.0,0.0,0.03076923076923077,0.06060606060606061
G3PT,0.0,0.0,0.0,0.0,0.0,0.0,0.0,0.0,0.0,0.0
DHORD2,0.0,0.0,0.0,0.0,0.0,0.0,0.0,0.0,0.0,0.0
PPAKr,0.0,0.0,0.0,0.0,0.0,0.0,0.0,0.0,0.015384615384615385,0.015151515151515152
PTA2,0.0,0.0,0.0,0.0,0.0,0.0,0.0,0.0,0.0,0.0
EMB,0.0,0.0,0.0,0.0,0.0,0.0,0.0,0.0,0.0,0.015151515151515152
BTNt,0.0,0.0,0.0,0.0,0.0,0.0,0.0,0.0,0.0,0.0
EX_btn,0.0,0.0,0.0,0.0,0.0,0.0,0.0,0.0,0.0,0.0
GXRA,0.0,0.0,0.0,0.0,0.0,0.0,0.0,0.0,0.0,0.0
OPP,0.0,0.0,0.0,0.0,0.0,0.0,0.0,0.0,0.0,0.0
HEXTT,0.0,0.0,0.1111111111111111,0.05263157894736842,0.0,0.14285714285714285,0.0,0.0,0.03076923076923077,0.0
PPTTm,0.0,0.0,0.0,0.0,0.0,0.0,0.0,0.0,0.0,0.0
GGTT,0.0,0.0,0.0,0.0,0.0,0.0,0.0,0.0,0.0,0.0
ACYP_2,0.0,0.0,0.05555555555555555,0.0,0.0,0.0,0.0,0.0,0.015384615384615385,0.015151515151515152
GTPDPDP,0.0,0.0,0.0,0.0,0.0,0.0,0.0,0.0,0.0,0.0
PPGPPDP,0.0,0.0,0.0,0.0,0.0,0.0,0.0,0.0,0.0,0.0
AKGDH,0.0,0.0,0.0,0.0,0.0,0.0,0.0,0.0,0.0,0.0
EX_nodcoa,0.0,0.0,0.0,0.0,0.0,0.0,0.0,0.0,0.0,0.0
NODCOAt,0.0,0.0,0.0,0.0,0.0,0.0,0.0,0.0,0.0,0.0
EX_octscoa,0.0,0.0,0.0,0.0,0.0,0.0,0.0,0.0,0.0,0.0
OCTSCOAt,0.0,0.0,0.0,0.0,0.0,0.0,0.0,0.0,0.0,0.0
ATPM,0.0,0.0,0.0,0.0,0.0,0.0,0.0,0.0,0.0,0.0
VPAMTr,0.0,0.0,0.0,0.0,0.0,0.0,0.0,0.0,0.0,0.0
EGTB,0.0,0.0,0.0,0.0,0.0,0.0,0.0,0.0,0.0,0.0
EGTC,0.0,0.0,0.0,0.0,0.0,0.0,0.0,0.0,0.0,0.0
EGTE,0.0,0.0,0.0,0.0,0.0,0.0,0.0,0.0,0.0,0.0
TMDS3,0.0,0.0,0.0,0.02631578947368421,0.0,0.0,0.0,0.0,0.0,0.0
MHUD1,0.0,0.0,0.0,0.0,0.0,0.0,0.0,0.0,0.0,0.0
OTSB1,0.0,0.0,0.0,0.0,0.0,0.0,0.0,0.0,0.0,0.0
MYCOPP,0.0,0.0,0.0,0.0,0.0,0.0,0.0,0.0,0.0,0.0
TMMYCO,0.0,0.0,0.0,0.02631578947368421,0.0,0.0,0.0,0.0,0.0,0.0
MYCOE,0.0,0.0,0.0,0.0,0.0,0.0,0.0,0.0,0.0,0.0
PPM1,0.0,0.0,0.05555555555555555,0.02631578947368421,0.0,0.0,0.0,0.0,0.0,0.030303030303030304
PEPA,0.0,0.0,0.0,0.0,0.0,0.0,0.0,0.0,0.0,0.0
NADDP,0.0,0.0,0.0,0.0,0.0,0.0,0.0,0.0,0.0,0.0
NMNAT,0.0,0.0,0.0,0.0,0.0,0.0,0.0,0.0,0.0,0.0
EGTD,0.0,0.0,0.0,0.0,0.0,0.0,0.0,0.0,0.0,0.0
ACONMT,0.0,0.0,0.0,0.0,0.0,0.0,0.0,0.0,0.0,0.0
MANPGH,0.0,0.0,0.0,0.0,0.0,0.0,0.0,0.0,0.0,0.0
EPH,0.0,0.0,0.05555555555555555,0.02631578947368421,0.0,0.0,0.0,0.0,0.03076923076923077,0.015151515151515152
FBPA,0.0,0.0,0.0,0.0,0.0,0.0,0.0,0.0,0.0,0.0
DGTP8DETOX,0.5,0.0,0.0,0.05263157894736842,0.0,0.0,0.0,0.0,0.015384615384615385,0.015151515151515152
DGTP8OXO,0.0,0.0,0.0,0.0,0.0,0.0,0.0,0.0,0.0,0.0
GTP8OXO,0.0,0.0,0.0,0.0,0.0,0.0,0.0,0.0,0.0,0.0
TAG,0.5,0.0,0.05555555555555555,0.02631578947368421,0.0,0.0,0.0,0.0,0.07692307692307693,0.030303030303030304
LIPY,0.0,0.0,0.0,0.0,0.0,0.0,0.0,0.0,0.0,0.0
LIPW,0.0,0.0,0.1111111111111111,0.07894736842105263,0.0,0.14285714285714285,0.0,0.0,0.046153846153846156,0.09090909090909091
CHOLK,0.0,0.0,0.0,0.0,0.0,0.0,0.0,0.0,0.0,0.0
PC_TBt,0.0,0.0,0.0,0.0,0.0,0.0,0.0,0.0,0.0,0.0
BIRA,0.0,0.0,0.0,0.0,0.0,0.0,0.0,0.0,0.0,0.0
ACCD3,0.0,0.0,0.0,0.0,0.0,0.0,0.0,0.0,0.015384615384615385,0.0
ACCA3,0.0,0.08333333333333333,0.05555555555555555,0.07894736842105263,0.0,0.14285714285714285,0.0,0.0,0.07692307692307693,0.12121212121212122
GMHEPPA,0.0,0.0,0.0,0.0,0.0,0.0,0.0,0.0,0.0,0.0
ALCD19y,0.5,0.08333333333333333,0.16666666666666666,0.15789473684210525,0.0,0.14285714285714285,0.0,0.0,0.06153846153846154,0.10606060606060606
EX_pc_TB,0.0,0.0,0.0,0.0,0.0,0.0,0.0,0.0,0.0,0.0
DM_ergoth_c,0.0,0.0,0.0,0.0,0.0,0.0,0.0,0.0,0.0,0.0
DM_tbsinol_c,0.0,0.0,0.0,0.0,0.0,0.0,0.0,0.0,0.0,0.0
DM_isotbsinol__13S_c,0.0,0.0,0.0,0.0,0.0,0.0,0.0,0.0,0.0,0.0
DM_isotbsinol__13R_c,0.0,0.0,0.0,0.0,0.0,0.0,0.0,0.0,0.0,0.0
DM_psd5p_c,0.0,0.0,0.0,0.0,0.0,0.0,0.0,0.0,0.0,0.0
DM_cpppg1_c,0.0,0.0,0.0,0.0,0.0,0.0,0.0,0.0,0.0,0.0
DM_scys__L_c,0.0,0.0,0.0,0.0,0.0,0.0,0.0,0.0,0.0,0.0
DM_gmhep1p_c,0.0,0.0,0.0,0.0,0.0,0.0,0.0,0.0,0.0,0.0
